,FIPS,CountyName,StateName,NumberOfSchools,NumberOfHospitals,AverageHospitalRating,UnemploymentRate,AverageHousePrice
0,1001,Autauga,Alabama,15,1,4.0,3.6,114483.66533864541
1,1003,Baldwin,Alabama,47,4,3.0,3.6,164861.6858237548
2,1009,Blount,Alabama,20,1,,3.5,106357.47126436782
3,1033,Colbert,Alabama,27,2,2.5,4.7,92332.05128205128
4,1049,De Kalb,Alabama,20,1,3.0,3.8,98315.49295774648
5,1051,Elmore,Alabama,20,2,3.4,3.4,125561.37339055794
6,1055,Etowah,Alabama,45,4,2.75,4.1,77994.25287356322
7,1069,Houston,Alabama,31,5,3.5,4.1,114940.99616858238
8,1071,Jackson,Alabama,25,1,3.0,4.1,104431.91489361702
9,1073,Jefferson,Alabama,226,14,2.75,3.7,99759.77011494253
10,1077,Lauderdale,Alabama,22,1,2.0,4.2,96148.57142857143
11,1081,Lee,Alabama,37,1,4.0,3.6,148163.2183908046
12,1097,Mobile,Alabama,121,7,2.0,4.7,93971.64750957854
13,1099,Monroe,Alabama,10,1,3.0,6.3,72273.94636015326
14,1103,Morgan,Alabama,47,4,,3.6,106889.36170212766
15,1113,Russell,Alabama,19,2,4.0,4.1,103098.46743295019
16,1115,Saint Clair,Alabama,28,1,,3.5,134092.72030651342
17,1117,Shelby,Alabama,53,3,3.0,2.9,164133.33333333334
18,1123,Tallapoosa,Alabama,13,2,3.0,4.2,110576.92307692308
19,1125,Tuscaloosa,Alabama,62,7,,3.7,129388.12260536398
20,2020,Anchorage,Alaska,100,9,3.0,5.6,250916.30901287554
21,2090,Fairbanks North Star,Alaska,37,3,3.0,6.0,197946.78111587983
22,2110,Juneau,Alaska,14,1,3.0,4.6,274259.8360655738
23,2122,Kenai Peninsula,Alaska,44,3,3.0,7.8,210048.42105263157
24,2130,Ketchikan Gateway,Alaska,11,1,3.0,6.2,223292.33716475096
25,2150,Kodiak Island,Alaska,15,1,,5.8,263354.0229885057
26,4001,Apache,Arizona,65,4,3.0,10.1,136755.94405594407
27,4003,Cochise,Arizona,84,8,1.0,5.6,124720.30651340996
28,4005,Coconino,Arizona,75,4,4.0,5.4,241994.63601532567
29,4007,Gila,Arizona,38,4,3.0,5.7,146740.99616858238
30,4009,Graham,Arizona,37,1,3.0,5.1,114949.42528735632
31,4012,La Paz,Arizona,14,2,,6.1,109477.95918367348
32,4013,Maricopa,Arizona,1246,73,3.0476190476190474,4.1,178057.08812260538
33,4015,Mohave,Arizona,70,5,2.25,5.7,144750.95785440612
34,4017,Navajo,Arizona,91,6,,7.4,146158.62068965516
35,4019,Pima,Arizona,386,21,2.0,4.4,155807.27969348658
36,4021,Pinal,Arizona,143,6,3.0,4.9,142070.51792828686
37,4023,Santa Cruz,Arizona,29,1,,9.3,118112.26053639846
38,4025,Yavapai,Arizona,107,5,3.0,4.4,199438.69731800767
39,4027,Yuma,Arizona,72,2,2.0,16.9,117031.41762452107
40,5005,Baxter,Arkansas,10,1,3.0,4.1,102860.91954022988
41,5007,Benton,Arkansas,68,6,3.5,2.8,121924.90421455938
42,5009,Boone,Arkansas,20,1,3.0,3.6,89286.97318007663
43,5023,Cleburne,Arkansas,9,1,,4.5,124583.22147651007
44,5031,Craighead,Arkansas,36,6,3.0,3.0,94221.83908045977
45,5033,Crawford,Arkansas,21,1,,3.6,88368.19923371647
46,5035,Crittenden,Arkansas,21,2,,4.2,83332.56704980842
47,5045,Faulkner,Arkansas,39,2,3.0,3.2,108660.91954022988
48,5051,Garland,Arkansas,30,6,2.0,4.1,115008.0459770115
49,5055,Greene,Arkansas,15,1,2.0,3.5,81437.93103448275
50,5059,Hot Spring,Arkansas,15,2,,3.7,73828.35249042146
51,5063,Independence,Arkansas,15,1,2.0,4.1,71191.57088122606
52,5065,Izard,Arkansas,8,1,,5.5,63958.426966292136
53,5069,Jefferson,Arkansas,29,2,2.0,5.3,68753.84615384616
54,5091,Miller,Arkansas,16,1,,4.8,78802.29885057472
55,5113,Polk,Arkansas,9,1,3.0,4.2,86918.18181818182
56,5115,Pope,Arkansas,23,1,,4.5,88298.46743295019
57,5119,Pulaski,Arkansas,131,21,2.6666666666666665,3.4,104294.63601532567
58,5125,Saline,Arkansas,28,2,3.0,3.1,116624.90421455938
59,5131,Sebastian,Arkansas,40,7,2.5,3.6,93884.67432950191
60,5141,Van Buren,Arkansas,8,1,3.0,5.2,66378.92720306513
61,5143,Washington,Arkansas,64,10,3.0,2.6,128081.22605363985
62,5145,White,Arkansas,29,3,,4.4,89118.77394636015
63,6001,Alameda,California,400,27,2.5,3.0,471302.68199233717
64,6005,Amador,California,17,1,2.0,3.9,224845.21072796936
65,6007,Butte,California,101,7,2.3333333333333335,4.9,197437.93103448275
66,6009,Calaveras,California,26,1,,3.9,230293.48659003832
67,6011,Colusa,California,22,1,,13.1,169551.72413793104
68,6013,Contra Costa,California,270,12,2.0,3.1,398249.04214559385
69,6015,Del Norte,California,21,1,2.0,5.6,164258.57740585774
70,6017,El Dorado,California,69,3,3.0,3.6,311345.5938697318
71,6019,Fresno,California,350,15,2.0,7.4,169162.4521072797
72,6021,Glenn,California,26,1,,6.5,179603.72670807454
73,6023,Humboldt,California,93,6,3.0,3.6,217380.0766283525
74,6025,Imperial,California,72,2,2.0,17.5,149809.96168582374
75,6027,Inyo,California,30,2,,3.9,246674.4769874477
76,6029,Kern,California,271,15,1.8,8.0,148808.8122605364
77,6031,Kings,California,67,4,2.5,7.8,143448.27586206896
78,6033,Lake,California,43,2,3.0,5.1,177877.39463601532
79,6035,Lassen,California,31,1,4.0,4.8,145078.54406130267
80,6037,Los Angeles,California,2277,131,2.775,4.7,374740.61302681995
81,6039,Madera,California,81,2,2.0,7.0,176903.83141762452
82,6041,Marin,California,79,4,3.5,2.3,707818.3908045978
83,6043,Mariposa,California,16,1,,5.4,225658.1497797357
84,6045,Mendocino,California,74,3,3.5,3.9,285385.0574712644
85,6051,Mono,California,18,1,,3.6,342059.83263598324
86,6053,Monterey,California,147,4,3.3333333333333335,6.4,391807.2796934866
87,6055,Napa,California,46,3,,3.0,419973.18007662834
88,6057,Nevada,California,55,2,3.0,3.5,326322.60536398465
89,6059,Orange,California,615,41,2.75,2.9,480765.90038314176
90,6061,Placer,California,120,4,4.0,3.2,330571.2643678161
91,6063,Plumas,California,15,3,3.0,7.6,259608.9005235602
92,6065,Riverside,California,506,24,2.272727272727273,4.3,252723.75478927203
93,6067,Sacramento,California,380,19,3.0,3.8,234401.91570881227
94,6069,San Benito,California,23,2,2.0,5.1,335359.38697318005
95,6071,San Bernardino,California,556,32,2.5833333333333335,4.0,214208.0459770115
96,6073,San Diego,California,763,37,3.3333333333333335,3.3,378364.7509578544
97,6075,San Francisco,California,134,18,3.0,2.4,691017.2413793104
98,6077,San Joaquin,California,239,10,2.4,5.9,226098.4674329502
99,6079,San Luis Obispo,California,84,6,3.3333333333333335,2.9,409974.7126436782
100,6081,San Mateo,California,179,11,3.25,2.2,667807.2796934866
101,6083,Santa Barbara,California,124,9,3.75,3.9,442957.08812260535
102,6085,Santa Clara,California,422,17,2.6666666666666665,2.6,617061.3026819923
103,6087,Santa Cruz,California,81,5,3.0,4.8,520674.7126436782
104,6089,Shasta,California,102,7,4.0,4.9,182344.44444444444
105,6093,Siskiyou,California,58,2,3.0,6.5,156492.1348314607
106,6095,Solano,California,107,7,3.0,3.9,281056.7049808429
107,6097,Sonoma,California,191,12,3.25,2.7,403252.49042145594
108,6099,Stanislaus,California,190,12,2.0,6.4,196717.24137931035
109,6101,Sutter,California,43,4,,7.4,187094.63601532567
110,6103,Tehama,California,51,1,,5.6,121256.32183908045
111,6107,Tulare,California,197,7,2.5,9.5,143585.82375478928
112,6111,Ventura,California,233,13,3.0,3.8,409491.9540229885
113,6113,Yolo,California,65,2,3.5,4.2,290204.9808429119
114,6115,Yuba,California,40,2,1.0,6.4,161053.25670498086
115,8001,Adams,Colorado,150,7,3.0,3.3,183392.33716475096
116,8003,Alamosa,Colorado,6,1,,4.0,108315.91836734694
117,8005,Arapahoe,Colorado,159,9,3.5,3.1,211384.29118773947
118,8007,Archuleta,Colorado,3,1,,3.3,210137.5478927203
119,8013,Boulder,Colorado,86,6,3.5,2.8,305860.9195402299
120,8015,Chaffee,Colorado,10,1,,2.5,249907.6923076923
121,8029,Delta,Colorado,18,1,3.0,3.8,154651.02040816325
122,8031,Denver,Colorado,193,17,3.4,3.0,219083.1417624521
123,8035,Douglas,Colorado,90,5,3.3333333333333335,2.7,305284.6743295019
124,8037,Eagle,Colorado,21,1,4.0,2.6,497801.9920318725
125,8041,El Paso,Colorado,219,12,4.0,3.7,186024.90421455938
126,8045,Garfield,Colorado,26,2,3.5,3.1,262722.22222222225
127,8049,Grand,Colorado,8,2,,2.5,221821.05263157896
128,8059,Jefferson,Colorado,168,3,3.0,2.9,240281.99233716476
129,8065,Lake,Colorado,4,1,,2.5,131900.7662835249
130,8067,La Plata,Colorado,22,2,4.333333333333333,2.9,247870.88122605364
131,8069,Larimer,Colorado,95,8,3.6666666666666665,2.7,219355.1724137931
132,8075,Logan,Colorado,13,1,3.0,2.8,92563.2183908046
133,8077,Mesa,Colorado,54,4,3.5,3.9,159969.73180076628
134,8081,Moffat,Colorado,8,1,3.0,3.5,157780.23952095807
135,8083,Montezuma,Colorado,19,1,3.0,4.6,179474.86033519552
136,8085,Montrose,Colorado,18,1,4.0,3.5,170081.22605363984
137,8089,Otero,Colorado,16,1,3.0,4.8,69928.35249042146
138,8097,Pitkin,Colorado,6,1,4.0,3.7,1046833.8983050848
139,8101,Pueblo,Colorado,60,4,4.0,4.7,109615.32567049809
140,8105,Rio Grande,Colorado,13,1,3.0,4.6,116531.35135135135
141,8107,Routt,Colorado,13,1,4.0,2.6,350133.46613545815
142,8119,Teller,Colorado,7,1,,3.5,181468.19923371647
143,8123,Weld,Colorado,100,1,4.0,2.9,173456.70498084291
144,9001,Fairfield,Connecticut,278,7,2.4,4.1,366894.63601532567
145,9003,Hartford,Connecticut,374,12,2.6,4.4,192883.908045977
146,9005,Litchfield,Connecticut,84,3,2.5,3.9,216243.67816091955
147,9007,Middlesex,Connecticut,72,1,3.0,3.6,232803.06513409963
148,9009,New Haven,Connecticut,281,10,2.6666666666666665,4.5,200913.02681992337
149,9011,New London,Connecticut,114,2,3.5,4.0,200529.11877394636
150,9013,Tolland,Connecticut,56,3,3.3333333333333335,3.7,203650.19157088123
151,9015,Windham,Connecticut,50,2,3.0,4.6,165901.5325670498
152,10001,Kent,Delaware,53,2,,4.3,144619.1570881226
153,10003,New Castle,Delaware,127,10,,3.8,186363.60153256706
154,11001,District of Columbia,District of Columbia,260,15,1.8,5.6,351876.68161434977
155,12001,Alachua,Florida,76,6,3.0,3.2,134264.7509578544
156,12005,Bay,Florida,51,5,3.0,3.9,153280.0766283525
157,12007,Bradford,Florida,13,1,3.0,3.3,95781.63265306123
158,12009,Brevard,Florida,131,11,3.2857142857142856,3.5,133307.66283524904
159,12011,Broward,Florida,386,28,2.6666666666666665,3.3,161854.02298850575
160,12015,Charlotte,Florida,26,4,2.3333333333333335,3.9,145900.0
161,12017,Citrus,Florida,25,2,2.0,5.1,112860.38461538461
162,12019,Clay,Florida,48,3,3.0,3.2,145958.62068965516
163,12021,Collier,Florida,72,6,3.0,3.5,249211.11111111112
164,12023,Columbia,Florida,23,3,3.0,3.7,101839.84674329501
165,12027,De Soto,Florida,12,1,3.0,3.7,88066.53386454184
166,12031,Duval,Florida,217,15,3.0,3.5,123712.26053639846
167,12033,Escambia,Florida,76,9,3.2,3.6,110838.69731800766
168,12035,Flagler,Florida,17,1,3.0,4.0,160614.34262948207
169,12039,Gadsden,Florida,26,2,,4.5,78886.97318007663
170,12045,Gulf,Florida,6,1,4.0,4.3,130070.11494252873
171,12049,Hardee,Florida,11,1,3.0,4.9,69521.22448979592
172,12051,Hendry,Florida,17,1,3.0,6.0,86789.27203065134
173,12053,Hernando,Florida,36,5,2.5,4.4,116285.44061302682
174,12055,Highlands,Florida,23,3,2.3333333333333335,4.9,90511.87739463602
175,12057,Hillsborough,Florida,328,21,2.727272727272727,3.3,138548.65900383142
176,12061,Indian River,Florida,29,4,2.5,4.3,147288.12260536398
177,12063,Jackson,Florida,22,2,3.0,4.0,72360.95617529881
178,12069,Lake,Florida,62,6,2.3333333333333335,3.4,146669.73180076628
179,12071,Lee,Florida,130,7,2.0,3.4,162860.53639846743
180,12073,Leon,Florida,66,5,2.5,3.3,142191.9540229885
181,12075,Levy,Florida,18,1,,3.8,105896.55172413793
182,12081,Manatee,Florida,81,5,2.3333333333333335,3.3,178016.8582375479
183,12083,Marion,Florida,68,7,2.0,4.2,107496.55172413793
184,12085,Martin,Florida,37,5,,3.5,186106.13026819922
185,12086,Miami-Dade,Florida,557,38,2.6956521739130435,3.8,189668.9655172414
186,12087,Monroe,Florida,26,4,2.6666666666666665,2.9,406365.13409961684
187,12089,Nassau,Florida,21,1,3.0,3.2,190173.94636015326
188,12091,Okaloosa,Florida,53,6,3.3333333333333335,2.8,158882.75862068965
189,12093,Okeechobee,Florida,17,1,3.0,3.6,97740.22988505747
190,12095,Orange,Florida,266,18,3.0,3.1,155778.54406130267
191,12097,Osceola,Florida,74,6,2.0,3.6,144669.34865900382
192,12099,Palm Beach,Florida,287,20,2.533333333333333,3.5,181075.09578544062
193,12101,Pasco,Florida,115,10,2.8333333333333335,3.8,125698.08429118774
194,12103,Pinellas,Florida,182,18,2.8,3.2,135356.32183908045
195,12105,Polk,Florida,170,6,2.2,4.0,119350.95785440614
196,12107,Putnam,Florida,25,1,2.0,4.8,89447.50957854406
197,12109,Saint Johns,Florida,58,1,3.0,2.8,223113.02681992337
198,12111,Saint Lucie,Florida,53,6,2.0,4.4,135500.38314176246
199,12113,Santa Rosa,Florida,40,5,3.3333333333333335,3.3,148526.05363984674
200,12115,Sarasota,Florida,65,7,4.0,3.3,179158.62068965516
201,12117,Seminole,Florida,76,5,2.0,3.1,166037.5478927203
202,12119,Sumter,Florida,14,2,3.0,5.1,176228.35249042144
203,12127,Volusia,Florida,94,9,2.8,3.7,132897.31800766283
204,12131,Walton,Florida,23,2,4.0,3.0,267611.1111111111
205,12133,Washington,Florida,10,1,,3.8,65805.30612244898
206,13009,Baldwin,Georgia,6,2,3.0,5.0,110008.8122605364
207,13013,Barrow,Georgia,16,1,,3.2,119045.97701149425
208,13015,Bartow,Georgia,24,1,4.0,3.7,109462.9213483146
209,13021,Bibb,Georgia,49,8,3.5,4.4,95090.03831417624
210,13031,Bulloch,Georgia,16,2,2.0,4.1,120081.99233716475
211,13035,Butts,Georgia,5,1,,4.0,81076.24521072797
212,13037,Calhoun,Georgia,4,1,,4.1,45956.32653061225
213,13039,Camden,Georgia,12,1,,4.2,131364.7509578544
214,13045,Carroll,Georgia,29,3,3.0,3.9,99524.13793103448
215,13047,Catoosa,Georgia,16,1,,3.3,116284.26966292135
216,13051,Chatham,Georgia,56,9,2.3333333333333335,3.7,130506.51340996168
217,13055,Chattooga,Georgia,9,1,,4.0,68584.9710982659
218,13057,Cherokee,Georgia,39,1,,3.0,163307.66283524904
219,13059,Clarke,Georgia,21,3,,3.8,118217.24137931035
220,13067,Cobb,Georgia,126,6,2.5,3.3,172179.69348659003
221,13071,Colquitt,Georgia,14,2,3.0,3.6,78275.47892720306
222,13077,Coweta,Georgia,31,3,3.0,3.3,138425.28735632185
223,13083,Dade,Georgia,4,1,,3.5,75852.8735632184
224,13087,Decatur,Georgia,9,1,3.0,4.6,81236.39846743295
225,13089,Dekalb,Georgia,158,15,3.0,3.9,137963.9846743295
226,13095,Dougherty,Georgia,25,2,1.0,5.0,82326.4367816092
227,13097,Douglas,Georgia,35,2,3.0,4.0,120532.18390804598
228,13103,Effingham,Georgia,13,2,,3.3,145471.31474103587
229,13105,Elbert,Georgia,6,1,4.0,4.8,85087.44769874477
230,13111,Fannin,Georgia,5,1,3.0,3.9,187977.6397515528
231,13113,Fayette,Georgia,24,1,2.0,3.4,210944.061302682
232,13115,Floyd,Georgia,30,5,3.3333333333333335,4.2,103913.79310344828
233,13117,Forsyth,Georgia,36,1,3.0,3.1,230164.36781609195
234,13119,Franklin,Georgia,6,3,,3.7,92038.31417624521
235,13121,Fulton,Georgia,206,19,2.6,3.9,183952.10727969347
236,13123,Gilmer,Georgia,7,1,,4.1,140744.44444444444
237,13127,Glynn,Georgia,18,2,3.0,3.6,179768.32298136645
238,13129,Gordon,Georgia,15,1,5.0,3.8,106393.48659003832
239,13135,Gwinnett,Georgia,140,6,3.0,3.4,160402.2988505747
240,13137,Habersham,Georgia,13,1,3.0,3.6,112640.46242774566
241,13139,Hall,Georgia,42,2,3.0,3.1,137629.88505747126
242,13143,Haralson,Georgia,10,1,3.0,3.8,81109.30232558139
243,13151,Henry,Georgia,51,2,2.0,4.1,133515.32567049807
244,13153,Houston,Georgia,41,2,3.5,4.0,102190.03831417624
245,13175,Laurens,Georgia,15,2,4.0,4.8,79775.86206896552
246,13179,Liberty,Georgia,16,2,3.0,4.3,102873.18007662836
247,13185,Lowndes,Georgia,20,3,3.0,4.0,117031.03448275862
248,13187,Lumpkin,Georgia,5,1,3.0,3.4,153776.24521072797
249,13199,Meriwether,Georgia,9,3,,4.8,60321.78770949721
250,13211,Morgan,Georgia,4,1,,3.5,203011.8881118881
251,13213,Murray,Georgia,11,1,3.0,5.2,99532.53588516747
252,13215,Muscogee,Georgia,59,7,3.3333333333333335,5.0,94867.41573033707
253,13217,Newton,Georgia,24,1,2.0,4.3,109145.5938697318
254,13225,Peach,Georgia,8,3,,5.0,104739.84674329501
255,13227,Pickens,Georgia,7,1,,3.4,116568.58237547893
256,13233,Polk,Georgia,11,2,,4.1,75612.64367816092
257,13247,Rockdale,Georgia,19,1,,4.3,126417.24137931035
258,13255,Spalding,Georgia,18,1,3.0,4.6,88295.01915708813
259,13259,Stewart,Georgia,3,1,,4.6,44170.42253521127
260,13275,Thomas,Georgia,13,2,3.0,4.7,96090.43824701195
261,13277,Tift,Georgia,11,1,2.0,4.0,104032.18390804598
262,13281,Towns,Georgia,3,1,4.0,5.6,182582.5174825175
263,13291,Union,Georgia,6,1,3.0,3.6,152521.45593869733
264,13293,Upson,Georgia,4,1,3.0,4.4,66060.91954022988
265,13297,Walton,Georgia,19,2,2.0,3.5,123965.90038314176
266,13299,Ware,Georgia,10,2,3.0,3.9,64662.835249042146
267,13305,Wayne,Georgia,8,1,2.6666666666666665,4.6,89781.22605363985
268,13313,Whitfield,Georgia,32,1,4.0,4.6,97033.33333333333
269,15001,Hawaii,Hawaii,56,6,3.0,2.8,252238.69731800767
270,15003,Honolulu,Hawaii,183,17,3.0,2.1,430432.56704980845
271,15009,Maui,Hawaii,33,4,3.0,2.3,420318.77394636016
272,16001,Ada,Idaho,131,11,3.0,2.4,164504.59770114944
273,16005,Bannock,Idaho,35,2,3.0,2.6,125647.50957854406
274,16007,Bear Lake,Idaho,6,1,,2.9,150226.59574468085
275,16009,Benewah,Idaho,8,1,,4.5,130283.908045977
276,16011,Bingham,Idaho,32,3,4.0,2.7,140149.80842911877
277,16013,Blaine,Idaho,9,1,,2.3,362143.3628318584
278,16017,Bonner,Idaho,19,1,3.0,4.0,266811.1111111111
279,16019,Bonneville,Idaho,52,2,3.5,2.4,113735.24904214559
280,16021,Boundary,Idaho,5,1,,4.4,153619.9233716475
281,16027,Canyon,Idaho,78,2,4.0,3.0,117780.45977011495
282,16029,Caribou,Idaho,7,1,,2.7,157104.98084291187
283,16031,Cassia,Idaho,18,1,,2.2,147911.11111111112
284,16035,Clearwater,Idaho,7,2,,6.5,182704.59770114944
285,16039,Elmore,Idaho,15,1,,3.2,135158.62068965516
286,16045,Gem,Idaho,9,1,,3.3,222121.29032258064
287,16047,Gooding,Idaho,11,1,4.0,2.4,136019.1570881226
288,16049,Idaho,Idaho,10,2,,4.6,182251.34099616858
289,16053,Jerome,Idaho,9,1,,2.4,130849.63503649634
290,16055,Kootenai,Idaho,47,4,,3.4,223837.16475095786
291,16057,Latah,Idaho,19,1,4.0,2.4,204857.4712643678
292,16065,Madison,Idaho,15,1,3.0,1.7,165385.10638297873
293,16069,Nez Perce,Idaho,18,1,,2.6,143369.34865900382
294,16071,Oneida,Idaho,5,1,,2.2,169300.0
295,16077,Power,Idaho,8,1,,2.9,148432.183908046
296,16081,Teton,Idaho,8,1,,2.3,247304.59770114944
297,16083,Twin Falls,Idaho,31,2,,2.6,144375.8620689655
298,17001,Adams,Illinois,26,2,3.0,3.6,111435.24904214559
299,17007,Boone,Illinois,19,1,,5.4,145679.3103448276
300,17019,Champaign,Illinois,62,3,3.0,4.1,118083.66533864541
301,17021,Christian,Illinois,20,2,4.0,5.1,62888.122605363984
302,17025,Clay,Illinois,11,1,3.0,4.8,71499.11504424778
303,17027,Clinton,Illinois,23,1,3.6666666666666665,3.3,99235.24904214559
304,17029,Coles,Illinois,17,1,3.0,4.4,90168.19923371647
305,17031,Cook,Illinois,1326,73,2.6956521739130435,4.2,190693.86973180078
306,17037,De Kalb,Illinois,42,3,4.0,4.1,149794.2528735632
307,17039,Dewitt,Illinois,8,1,,4.6,89457.47126436782
308,17043,Du Page,Illinois,258,8,3.5,3.3,244330.26819923372
309,17049,Effingham,Illinois,18,1,4.0,3.5,99975.47892720306
310,17053,Ford,Illinois,9,1,4.0,4.4,68163.60153256705
311,17063,Grundy,Illinois,25,1,4.0,4.9,172439.75155279503
312,17073,Henry,Illinois,29,2,4.0,4.7,94808.36820083682
313,17075,Iroquois,Illinois,25,1,2.0,4.1,88650.0
314,17081,Jefferson,Illinois,21,3,2.5,5.0,65005.17928286853
315,17083,Jersey,Illinois,8,1,3.0,4.5,97364.01673640167
316,17089,Kane,Illinois,145,5,3.3333333333333335,4.6,196850.0
317,17091,Kankakee,Illinois,43,2,4.0,4.8,111985.82375478928
318,17095,Knox,Illinois,24,2,3.0,5.0,65802.29885057472
319,17097,Lake,Illinois,207,8,4.0,4.2,223118.00766283524
320,17099,La Salle,Illinois,50,5,3.0,5.4,111577.39463601532
321,17105,Livingston,Illinois,24,1,4.0,4.1,86126.05363984674
322,17109,McDonough,Illinois,15,1,3.0,4.7,75790.90909090909
323,17111,McHenry,Illinois,84,3,4.333333333333333,3.7,191409.19540229885
324,17113,McLean,Illinois,57,2,3.1666666666666665,3.8,129790.4214559387
325,17115,Macon,Illinois,45,2,2.5,5.2,74524.90421455938
326,17117,Macoupin,Illinois,30,2,3.5,4.5,65959.77011494253
327,17119,Madison,Illinois,80,7,3.1666666666666665,4.2,95895.40229885057
328,17137,Morgan,Illinois,24,1,3.0,4.1,72517.24137931035
329,17143,Peoria,Illinois,77,4,3.2,5.3,93243.02788844622
330,17161,Rock Island,Illinois,57,3,2.0,4.8,84929.50191570881
331,17163,Saint Clair,Illinois,95,4,3.176470588235294,4.7,89953.63984674329
332,17167,Sangamon,Illinois,74,4,2.7142857142857144,4.1,107842.91187739464
333,17177,Stephenson,Illinois,23,1,3.0,4.4,84875.13513513513
334,17179,Tazewell,Illinois,56,2,3.0,4.6,105014.17624521072
335,17187,Warren,Illinois,10,1,4.0,3.9,79393.10344827586
336,17195,Whiteside,Illinois,30,2,4.0,4.3,86837.45019920319
337,17197,Will,Illinois,198,4,3.0,4.3,179311.87739463602
338,17199,Williamson,Illinois,24,3,2.5,4.9,76312.8078817734
339,17201,Winnebago,Illinois,92,4,3.3333333333333335,5.4,101402.390438247
340,17203,Woodford,Illinois,20,1,4.0,3.8,121203.06513409961
341,18001,Adams,Indiana,10,1,3.0,2.6,92424.13793103448
342,18003,Allen,Indiana,89,12,3.0,3.2,99155.93869731801
343,18005,Bartholomew,Indiana,20,1,4.0,2.6,124561.6
344,18009,Blackford,Indiana,5,1,4.0,3.9,63857.471264367814
345,18011,Boone,Indiana,17,1,4.0,2.7,162746.74329501914
346,18019,Clark,Indiana,32,4,2.0,3.4,106897.6
347,18021,Clay,Indiana,10,1,3.0,4.0,78673.94636015326
348,18023,Clinton,Indiana,12,1,3.0,2.9,82808.8122605364
349,18027,Daviess,Indiana,12,1,3.0,2.7,79929.50191570881
350,18029,Dearborn,Indiana,15,2,3.0,3.7,137109.19540229885
351,18031,Decatur,Indiana,7,1,4.0,3.0,99601.53256704981
352,18033,De Kalb,Indiana,14,2,3.0,2.8,102986.97318007663
353,18035,Delaware,Indiana,36,3,3.0,4.0,81918.3908045977
354,18037,Dubois,Indiana,18,1,5.0,2.5,113920.68965517242
355,18039,Elkhart,Indiana,56,3,4.0,2.6,111837.16475095786
356,18041,Fayette,Indiana,9,1,4.0,4.7,66734.4827586207
357,18043,Floyd,Indiana,17,3,,3.3,128030.65134099616
358,18049,Fulton,Indiana,7,1,4.0,3.5,84136.39846743295
359,18051,Gibson,Indiana,13,1,3.0,2.7,87255.93869731801
360,18053,Grant,Indiana,27,3,3.3333333333333335,3.9,70736.39846743295
361,18057,Hamilton,Indiana,67,6,4.2,2.7,199242.57425742573
362,18059,Hancock,Indiana,22,1,3.0,3.0,137171.64750957856
363,18061,Harrison,Indiana,15,1,3.0,3.4,107462.45210727969
364,18063,Hendricks,Indiana,42,2,4.0,2.9,142636.7816091954
365,18065,Henry,Indiana,19,1,4.0,3.5,73919.92337164751
366,18067,Howard,Indiana,26,3,3.0,3.9,80366.29213483146
367,18069,Huntington,Indiana,11,1,4.0,3.6,81328.7356321839
368,18071,Jackson,Indiana,15,1,5.0,2.9,94575.86206896552
369,18073,Jasper,Indiana,10,1,,4.0,127445.97701149425
370,18075,Jay,Indiana,10,1,4.0,3.4,67288.88888888889
371,18077,Jefferson,Indiana,10,3,4.0,3.5,91659.00383141762
372,18079,Jennings,Indiana,8,1,3.0,3.7,90373.18007662836
373,18081,Johnson,Indiana,38,3,3.5,2.9,125693.48659003832
374,18083,Knox,Indiana,11,1,2.5714285714285716,3.3,65278.54406130268
375,18085,Kosciusko,Indiana,20,2,3.0,2.7,141181.1320754717
376,18087,Lagrange,Indiana,13,1,4.0,2.5,122576.62835249043
377,18089,Lake,Indiana,134,15,3.75,5.0,126099.35064935064
378,18093,Lawrence,Indiana,19,2,3.5,3.9,79064.36781609195
379,18095,Madison,Indiana,30,5,4.0,3.8,78514.17624521072
380,18097,Marion,Indiana,242,23,2.857142857142857,3.5,110059.63855421687
381,18099,Marshall,Indiana,16,4,,3.2,105940.22988505747
382,18103,Miami,Indiana,11,1,3.0,4.0,67084.67432950191
383,18105,Monroe,Indiana,30,3,4.0,3.8,131267.04980842912
384,18107,Montgomery,Indiana,16,1,,3.1,93882.75862068965
385,18109,Morgan,Indiana,23,2,,3.3,123614.94252873563
386,18113,Noble,Indiana,16,1,4.0,3.0,97445.97701149425
387,18117,Orange,Indiana,8,1,3.0,3.9,71612.64367816092
388,18123,Perry,Indiana,5,1,4.0,3.7,77069.73180076628
389,18127,Porter,Indiana,53,3,4.0,3.9,153909.96168582374
390,18131,Pulaski,Indiana,6,1,4.0,3.2,74734.09961685824
391,18133,Putnam,Indiana,17,1,4.0,3.7,107090.03831417624
392,18135,Randolph,Indiana,13,1,4.0,3.9,68963.60153256705
393,18137,Ripley,Indiana,13,1,4.0,3.7,107320.68965517242
394,18139,Rush,Indiana,8,1,3.0,2.9,82697.8947368421
395,18143,Scott,Indiana,9,1,,3.9,81675.47892720306
396,18145,Shelby,Indiana,16,1,4.0,3.1,104604.59770114943
397,18149,Starke,Indiana,8,1,,4.4,88571.2643678161
398,18151,Steuben,Indiana,9,1,3.0,2.7,124740.99616858238
399,18153,Sullivan,Indiana,9,1,2.0,4.6,65746.45161290323
400,18157,Tippecanoe,Indiana,37,7,3.0,3.2,119962.83524904214
401,18159,Tipton,Indiana,5,1,4.0,2.9,97292.72030651341
402,18163,Vanderburgh,Indiana,39,6,3.0,3.2,93578.92720306513
403,18165,Vermillion,Indiana,7,1,4.0,5.5,65162.06896551724
404,18167,Vigo,Indiana,29,4,3.5,4.4,74185.05747126437
405,18169,Wabash,Indiana,15,1,,3.5,80209.5785440613
406,18171,Warren,Indiana,4,1,3.0,3.3,79751.72413793103
407,18173,Warrick,Indiana,17,4,4.0,3.0,128038.69731800766
408,18175,Washington,Indiana,8,1,,3.5,83927.58620689655
409,18177,Wayne,Indiana,23,3,,3.7,77834.09961685824
410,18179,Wells,Indiana,9,1,3.0,2.8,100350.19157088123
411,18183,Whitley,Indiana,11,1,4.0,2.8,108888.50574712643
412,19011,Benton,Iowa,14,1,,2.7,95424.30278884462
413,19013,Black Hawk,Iowa,36,3,3.0,2.9,96616.85823754789
414,19015,Boone,Iowa,17,1,3.0,2.2,96521.88841201717
415,19017,Bremer,Iowa,19,2,3.6666666666666665,2.1,100807.75510204081
416,19021,Buena Vista,Iowa,15,1,3.0,2.2,78070.88122605364
417,19033,Cerro Gordo,Iowa,14,2,3.0,2.6,93957.71812080537
418,19041,Clay,Iowa,7,1,4.0,3.3,82783.67346938775
419,19045,Clinton,Iowa,20,3,2.0,3.2,80985.05747126437
420,19049,Dallas,Iowa,31,1,,1.7,184800.0
421,19057,Des Moines,Iowa,17,1,2.0,3.3,77957.85440613027
422,19061,Dubuque,Iowa,27,3,4.0,2.5,139865.16853932585
423,19095,Iowa,Iowa,9,1,,2.1,112216.75977653632
424,19099,Jasper,Iowa,19,1,3.0,2.6,88692.05020920502
425,19103,Johnson,Iowa,35,4,3.8,1.9,161692.82868525895
426,19113,Linn,Iowa,75,2,2.25,2.8,119816.47509578544
427,19123,Mahaska,Iowa,7,1,,2.6,105533.71647509579
428,19125,Marion,Iowa,18,3,4.0,2.1,95107.3469387755
429,19127,Marshall,Iowa,17,1,,4.5,88225.94142259414
430,19139,Muscatine,Iowa,17,1,3.0,2.7,96154.39330543933
431,19153,Polk,Iowa,131,9,3.25,2.5,131733.33333333334
432,19155,Pottawattamie,Iowa,37,2,4.0,2.3,111344.89795918367
433,19163,Scott,Iowa,57,4,3.5,3.0,119114.55938697318
434,19167,Sioux,Iowa,15,6,4.0,1.8,145805.30973451328
435,19169,Story,Iowa,28,4,3.0,1.6,150882.0224719101
436,19183,Washington,Iowa,14,1,,2.3,89554.78927203066
437,19187,Webster,Iowa,13,1,,3.2,68819.92337164751
438,19193,Woodbury,Iowa,41,3,,2.5,91840.93959731543
439,20001,Allen,Kansas,10,2,2.0,4.0,62015.708812260535
440,20003,Anderson,Kansas,7,1,,3.5,65355.31914893617
441,20005,Atchison,Kansas,6,1,3.0,4.6,82838.29787234042
442,20007,Barber,Kansas,4,3,,2.6,56240.425531914894
443,20009,Barton,Kansas,15,3,3.5,3.2,68260.17699115044
444,20013,Brown,Kansas,7,2,2.0,3.1,68081.22605363985
445,20015,Butler,Kansas,43,2,3.5,3.5,121811.49425287357
446,20019,Chautauqua,Kansas,4,1,,4.1,46647.87234042553
447,20021,Cherokee,Kansas,15,2,,3.7,60781.6
448,20023,Cheyenne,Kansas,4,1,,2.4,65374.46808510638
449,20025,Clark,Kansas,5,2,,2.5,60312.765957446805
450,20027,Clay,Kansas,6,1,3.0,3.2,84303.1914893617
451,20029,Cloud,Kansas,8,1,,3.5,57698.936170212764
452,20031,Coffey,Kansas,11,2,4.0,4.8,85692.55319148937
453,20033,Comanche,Kansas,3,1,,2.6,52527.65957446808
454,20035,Cowley,Kansas,24,2,3.5,3.4,62569.91150442478
455,20037,Crawford,Kansas,17,2,3.0,4.0,67128.0
456,20039,Decatur,Kansas,2,1,,2.9,61234.04255319149
457,20041,Dickinson,Kansas,18,2,3.25,3.5,92598.93617021276
458,20045,Douglas,Kansas,30,1,3.0,3.0,152852.10727969347
459,20047,Edwards,Kansas,3,1,,2.5,51815.95744680851
460,20051,Ellis,Kansas,11,1,3.0,2.4,134384.04255319148
461,20053,Ellsworth,Kansas,6,1,4.0,2.8,65850.0
462,20055,Finney,Kansas,21,1,3.0,2.5,98067.04980842912
463,20057,Ford,Kansas,16,1,3.0,2.5,88821.27659574468
464,20059,Franklin,Kansas,15,1,4.0,3.5,95926.15384615384
465,20061,Geary,Kansas,16,2,3.0,4.9,131408.84955752213
466,20073,Greenwood,Kansas,6,1,,3.6,51629.78723404255
467,20077,Harper,Kansas,5,2,,2.9,57786.17021276596
468,20081,Haskell,Kansas,5,1,,2.1,91682.97872340426
469,20085,Jackson,Kansas,9,1,,3.0,91537.23404255319
470,20087,Jefferson,Kansas,14,1,,3.3,109021.12676056338
471,20089,Jewell,Kansas,2,1,,2.8,56126.59574468085
472,20091,Johnson,Kansas,156,17,3.8,2.8,198116.8316831683
473,20093,Kearny,Kansas,6,1,,2.3,88242.55319148937
474,20095,Kingman,Kansas,8,1,,3.2,72031.91489361702
475,20097,Kiowa,Kansas,4,1,,2.4,81690.4255319149
476,20103,Leavenworth,Kansas,28,3,4.0,3.6,132948.65900383142
477,20105,Lincoln,Kansas,3,1,,2.5,59295.744680851065
478,20113,McPherson,Kansas,20,3,3.6,2.6,118314.89361702128
479,20117,Marshall,Kansas,10,1,,2.6,74458.51063829787
480,20119,Meade,Kansas,5,1,,2.1,64324.46808510638
481,20121,Miami,Kansas,15,2,4.0,3.5,139272.7969348659
482,20123,Mitchell,Kansas,6,1,3.0,2.3,72988.29787234042
483,20127,Morris,Kansas,6,1,,2.7,79446.8085106383
484,20131,Nemaha,Kansas,10,2,,2.3,83985.10638297872
485,20133,Neosho,Kansas,10,1,3.0,4.9,57537.234042553195
486,20141,Osborne,Kansas,6,1,,2.7,56809.574468085106
487,20143,Ottawa,Kansas,6,1,,2.9,81125.53191489361
488,20145,Pawnee,Kansas,7,2,,3.2,62588.29787234042
489,20149,Pottawatomie,Kansas,12,3,,2.8,146746.3601532567
490,20151,Pratt,Kansas,6,1,3.0,2.8,72930.85106382979
491,20155,Reno,Kansas,32,2,2.0,3.6,77160.17699115044
492,20157,Republic,Kansas,5,1,3.0,2.7,58724.46808510638
493,20159,Rice,Kansas,13,1,,2.9,56705.31914893617
494,20161,Riley,Kansas,18,2,,2.8,159723.89380530972
495,20163,Rooks,Kansas,8,1,,3.2,61268.085106382976
496,20165,Rush,Kansas,6,1,,2.8,57225.53191489362
497,20167,Russell,Kansas,5,1,,2.9,59964.750957854405
498,20169,Saline,Kansas,16,2,3.0,3.0,105253.09734513274
499,20173,Sedgwick,Kansas,157,13,4.5,3.8,103887.35632183908
500,20175,Seward,Kansas,14,1,3.0,3.3,91803.1914893617
501,20177,Shawnee,Kansas,56,5,3.0,3.5,105037.16814159292
502,20181,Sherman,Kansas,5,1,,2.9,72964.89361702128
503,20183,Smith,Kansas,4,1,4.0,2.5,57798.936170212764
504,20185,Stafford,Kansas,6,1,,2.7,54686.17021276596
505,20189,Stevens,Kansas,6,1,,2.8,88017.02127659574
506,20191,Sumner,Kansas,20,2,2.0,3.5,70706.3829787234
507,20193,Thomas,Kansas,7,1,3.6666666666666665,2.6,88612.76595744681
508,20205,Wilson,Kansas,8,2,3.5,4.4,57795.744680851065
509,20209,Wyandotte,Kansas,61,4,3.3333333333333335,4.7,70669.73180076628
510,21015,Boone,Kentucky,28,2,,3.3,157326.05363984674
511,21017,Bourbon,Kentucky,10,1,3.0,3.9,99357.08812260536
512,21019,Boyd,Kentucky,26,1,,5.8,77479.2828685259
513,21021,Boyle,Kentucky,14,1,2.0,4.4,114121.07279693487
514,21035,Calloway,Kentucky,13,1,,3.9,103206.89655172414
515,21037,Campbell,Kentucky,30,2,,3.3,113285.05747126437
516,21047,Christian,Kentucky,27,3,2.0,5.2,92529.50191570881
517,21049,Clark,Kentucky,19,1,4.0,4.1,125436.7816091954
518,21059,Daviess,Kentucky,34,2,3.0,3.9,105561.30268199234
519,21067,Fayette,Kentucky,78,11,3.0,3.3,132121.07279693487
520,21073,Franklin,Kentucky,18,1,3.0,3.8,114829.88505747127
521,21081,Grant,Kentucky,11,1,,4.3,107433.71647509579
522,21093,Hardin,Kentucky,41,3,4.0,4.1,113733.46613545816
523,21101,Henderson,Kentucky,14,1,3.6666666666666665,3.8,99196.93486590039
524,21107,Hopkins,Kentucky,21,1,3.0,4.3,80345.92274678111
525,21111,Jefferson,Kentucky,177,17,1.0,4.1,120214.17624521072
526,21117,Kenton,Kentucky,47,4,,3.4,118132.18390804598
527,21137,Lincoln,Kentucky,11,1,3.0,5.0,74138.31417624521
528,21145,McCracken,Kentucky,22,2,2.5,5.5,103195.01915708813
529,21151,Madison,Kentucky,27,2,3.0,3.9,124052.86343612334
530,21157,Marshall,Kentucky,12,1,3.0,5.3,135837.93103448275
531,21167,Mercer,Kentucky,12,1,,4.4,106074.32950191571
532,21173,Montgomery,Kentucky,13,1,3.0,5.9,99755.13513513513
533,21177,Muhlenberg,Kentucky,11,1,,6.3,60722.988505747126
534,21185,Oldham,Kentucky,23,2,3.0,3.3,221177.01149425286
535,21209,Scott,Kentucky,15,1,3.0,3.3,145013.02681992337
536,21211,Shelby,Kentucky,16,1,,3.5,147814.17624521072
537,21217,Taylor,Kentucky,8,1,3.0,4.3,85377.77777777778
538,21221,Trigg,Kentucky,5,1,,4.8,139911.87739463602
539,21227,Warren,Kentucky,43,4,3.5,3.6,121464.75095785441
540,22001,Acadia,Louisiana,27,6,2.0,5.4,108304.25531914894
541,22005,Ascension,Louisiana,28,6,,4.1,155662.23175965666
542,22007,Assumption,Louisiana,10,1,,6.7,130263.82978723405
543,22009,Avoyelles,Louisiana,12,3,3.0,5.7,85566.43356643357
544,22011,Beauregard,Louisiana,12,2,3.0,5.3,96640.71856287424
545,22013,Bienville,Louisiana,9,1,,5.8,86890.4
546,22015,Bossier,Louisiana,32,5,,4.3,159512.35955056178
547,22017,Caddo,Louisiana,72,14,2.0,5.4,95864.07766990291
548,22019,Calcasieu,Louisiana,62,11,3.3333333333333335,3.7,112495.40229885057
549,22021,Caldwell,Louisiana,6,2,3.25,5.7,74499.3006993007
550,22023,Cameron,Louisiana,4,1,,3.4,133728.38709677418
551,22027,Claiborne,Louisiana,7,1,4.0,5.2,84163.63636363637
552,22029,Concordia,Louisiana,11,2,,6.9,87690.20979020979
553,22031,De Soto,Louisiana,9,1,3.0,5.7,104538.46153846153
554,22033,East Baton Rouge,Louisiana,128,23,2.5,4.3,123388.08510638298
555,22037,East Feliciana,Louisiana,8,4,,4.6,129272.63157894737
556,22041,Franklin,Louisiana,6,1,2.0,7.1,70198.6013986014
557,22045,Iberia,Louisiana,23,3,,5.8,80358.77551020408
558,22047,Iberville,Louisiana,10,1,,6.1,107089.36170212766
559,22049,Jackson,Louisiana,5,1,,4.6,95126.57342657342
560,22051,Jefferson,Louisiana,86,17,3.3333333333333335,4.3,145884.43113772455
561,22057,Lafourche,Louisiana,32,3,4.0,4.8,149007.66283524904
562,22061,Lincoln,Louisiana,17,5,2.0,5.2,130574.47698744769
563,22063,Livingston,Louisiana,43,1,,4.0,153887.64044943822
564,22065,Madison,Louisiana,6,1,,8.1,108125.97402597402
565,22069,Natchitoches,Louisiana,17,2,4.0,5.9,121559.2
566,22071,Orleans,Louisiana,91,15,2.3333333333333335,4.9,149777.52808988764
567,22079,Rapides,Louisiana,55,13,3.5,5.2,89681.6091954023
568,22081,Red River,Louisiana,5,2,,4.5,86334.26573426573
569,22083,Richland,Louisiana,13,2,3.0,6.2,79613.08411214953
570,22087,Saint Bernard,Louisiana,11,2,,4.9,109901.6806722689
571,22089,Saint Charles,Louisiana,17,1,,4.3,169284.91620111733
572,22091,Saint Helena,Louisiana,3,1,,6.4,122193.48659003832
573,22095,Saint John the Baptist,Louisiana,11,1,,5.5,113453.63984674329
574,22097,Saint Landry,Louisiana,36,6,3.0,6.2,84500.7662835249
575,22099,Saint Martin,Louisiana,16,2,,5.2,122417.02127659574
576,22103,Saint Tammany,Louisiana,56,15,3.3333333333333335,4.1,167087.5
577,22105,Tangipahoa,Louisiana,34,10,,5.3,139840.99616858238
578,22109,Terrebonne,Louisiana,34,5,3.0,5.0,116577.77777777778
579,22111,Union,Louisiana,8,3,3.0,5.6,112579.66101694915
580,22115,Vernon,Louisiana,19,4,3.0,6.4,112287.41258741259
581,22117,Washington,Louisiana,16,4,4.0,5.7,84557.8947368421
582,22119,Webster,Louisiana,16,2,4.0,6.1,103159.5744680851
583,22123,West Carroll,Louisiana,5,1,3.0,9.0,79925.97402597402
584,22125,West Feliciana,Louisiana,5,1,,3.9,206795.8041958042
585,22127,Winn,Louisiana,8,3,3.0,6.1,77609.96168582376
586,23001,Androscoggin,Maine,36,2,3.0,3.1,116588.50574712643
587,23005,Cumberland,Maine,98,8,3.4285714285714284,2.5,199767.43295019158
588,23011,Kennebec,Maine,53,8,4.0,3.0,115158.62068965517
589,23013,Knox,Maine,24,1,3.0,3.0,212802.31213872833
590,23015,Lincoln,Maine,18,2,,3.2,205848.69109947645
591,23017,Oxford,Maine,32,2,3.0,3.7,130024.22360248448
592,23019,Penobscot,Maine,76,6,3.0,3.6,121331.46067415731
593,23031,York,Maine,61,5,3.5,2.8,221408.0459770115
594,24001,Allegany,Maryland,22,2,,5.7,70217.6245210728
595,24003,Anne Arundel,Maryland,123,2,,3.5,263459.7701149425
596,24005,Baltimore,Maryland,174,7,,4.2,191647.50957854406
597,24009,Calvert,Maryland,26,1,,3.7,265404.5977011494
598,24013,Carroll,Maryland,47,2,,3.4,253365.5172413793
599,24015,Cecil,Maryland,29,2,,4.6,186104.59770114944
600,24017,Charles,Maryland,38,1,,4.1,239665.5172413793
601,24019,Dorchester,Maryland,13,3,,5.5,120023.37164750957
602,24021,Frederick,Maryland,67,1,,3.6,245143.67816091955
603,24023,Garrett,Maryland,12,1,,5.1,122121.83908045977
604,24025,Harford,Maryland,54,2,,3.8,220396.93486590037
605,24027,Howard,Maryland,76,3,,3.2,344314.55938697315
606,24029,Kent,Maryland,7,1,,4.6,188327.19665271966
607,24031,Montgomery,Maryland,208,8,1.5,3.3,347851.724137931
608,24033,Prince Georges,Maryland,211,7,,4.3,212883.1417624521
609,24037,Saint Marys,Maryland,27,1,,4.0,227955.938697318
610,24041,Talbot,Maryland,8,1,,4.0,250119.1570881226
611,24043,Washington,Maryland,46,3,,4.5,157805.36398467433
612,24045,Wicomico,Maryland,25,3,,5.5,117737.16475095786
613,24047,Worcester,Maryland,14,1,,8.4,200147.89272030653
614,24510,Baltimore City,Maryland,190,18,2.25,5.9,91968.58237547893
615,25001,Barnstable,Massachusetts,55,4,3.5,4.4,306211.877394636
616,25003,Berkshire,Massachusetts,47,4,4.5,4.1,172992.33716475096
617,25005,Bristol,Massachusetts,148,10,3.5,4.4,233100.38314176246
618,25007,Dukes,Massachusetts,8,1,,5.0,549975.0957854406
619,25009,Essex,Massachusetts,232,16,2.5,3.5,301534.4827586207
620,25011,Franklin,Massachusetts,40,1,3.0,3.1,167926.81992337166
621,25013,Hampden,Massachusetts,161,10,3.0,4.7,158308.8122605364
622,25015,Hampshire,Massachusetts,50,4,4.0,3.1,207024.52107279692
623,25017,Middlesex,Massachusetts,384,24,3.1666666666666665,2.8,349330.2681992337
624,25019,Nantucket,Massachusetts,3,1,,5.0,1009348.6590038314
625,25021,Norfolk,Massachusetts,193,14,2.75,3.1,334959.00383141765
626,25023,Plymouth,Massachusetts,139,8,2.75,3.6,275750.19157088123
627,25025,Suffolk,Massachusetts,173,24,3.5,3.1,310737.5478927203
628,25027,Worcester,Massachusetts,256,15,3.0,3.6,212152.49042145594
629,26005,Allegan,Michigan,54,2,4.0,3.5,127090.4214559387
630,26015,Barry,Michigan,22,1,,3.6,125776.24521072797
631,26017,Bay,Michigan,39,3,3.0,5.0,85633.71647509579
632,26019,Benzie,Michigan,8,1,,5.7,169892.72030651342
633,26021,Berrien,Michigan,81,4,3.0,4.5,122226.58959537573
634,26023,Branch,Michigan,18,1,4.0,3.9,98849.15254237287
635,26025,Calhoun,Michigan,57,5,4.0,4.4,88654.4061302682
636,26037,Clinton,Michigan,31,1,4.0,3.3,146832.183908046
637,26039,Crawford,Michigan,5,1,,6.3,76439.16083916085
638,26041,Delta,Michigan,18,1,3.5,5.6,79147.16981132075
639,26045,Eaton,Michigan,46,2,3.0,3.6,122016.47509578544
640,26047,Emmet,Michigan,17,1,5.0,6.2,169933.4693877551
641,26049,Genesee,Michigan,149,4,1.6666666666666667,5.1,92921.875
642,26051,Gladwin,Michigan,8,1,4.0,5.9,83281.22448979592
643,26055,Grand Traverse,Michigan,33,1,4.0,3.8,152595.78544061302
644,26057,Gratiot,Michigan,24,1,3.0,4.9,74107.75510204081
645,26059,Hillsdale,Michigan,25,1,,4.1,97165.13409961686
646,26065,Ingham,Michigan,102,6,2.5,3.8,114438.24701195219
647,26067,Ionia,Michigan,29,2,3.0,3.6,107151.72413793103
648,26069,Iosco,Michigan,9,1,4.0,6.7,71411.86440677966
649,26075,Jackson,Michigan,60,2,4.0,4.2,101800.0
650,26077,Kalamazoo,Michigan,86,2,3.0,3.6,126205.58659217878
651,26081,Kent,Michigan,234,8,3.6666666666666665,3.1,129010.72796934866
652,26087,Lapeer,Michigan,29,1,3.0,5.1,138967.51269035533
653,26091,Lenawee,Michigan,48,2,3.0,4.2,111239.46360153257
654,26093,Livingston,Michigan,46,2,4.0,3.3,196293.10344827586
655,26099,Macomb,Michigan,243,7,2.0,4.0,136660.15325670497
656,26101,Manistee,Michigan,16,1,,6.1,96561.63265306123
657,26103,Marquette,Michigan,25,2,3.0,5.1,107138.64541832669
658,26107,Mecosta,Michigan,17,1,3.0,5.1,103261.75298804781
659,26111,Midland,Michigan,26,1,4.0,4.2,118480.45977011495
660,26115,Monroe,Michigan,52,1,3.0,4.3,131202.2988505747
661,26117,Montcalm,Michigan,31,4,3.0,4.4,83027.09163346613
662,26121,Muskegon,Michigan,73,3,4.0,4.8,88624.52107279694
663,26123,Newaygo,Michigan,24,1,4.0,4.5,86486.45161290323
664,26125,Oakland,Michigan,360,17,2.8,3.3,179289.27203065134
665,26133,Osceola,Michigan,14,1,,4.7,79925.53191489361
666,26137,Otsego,Michigan,9,1,4.0,5.5,110391.42857142857
667,26139,Ottawa,Michigan,93,3,4.5,2.9,149332.95019157088
668,26145,Saginaw,Michigan,79,8,2.75,5.0,76426.4367816092
669,26147,Saint Clair,Michigan,59,3,2.6666666666666665,4.7,124095.01915708813
670,26149,Saint Joseph,Michigan,34,2,3.5,3.8,91934.30962343096
671,26155,Shiawassee,Michigan,33,1,2.0,4.5,103962.83524904214
672,26157,Tuscola,Michigan,29,2,4.0,5.8,73838.46153846153
673,26159,Van Buren,Michigan,46,2,4.0,5.1,104858.16733067729
674,26161,Washtenaw,Michigan,98,7,3.3333333333333335,3.2,198259.38697318008
675,26163,Wayne,Michigan,590,28,1.7777777777777777,5.2,80080.38461538461
676,26165,Wexford,Michigan,16,1,,4.9,109224.90421455938
677,27001,Aitkin,Minnesota,10,1,4.0,5.7,154676.59574468085
678,27003,Anoka,Minnesota,112,2,3.75,2.8,175778.92720306513
679,27005,Becker,Minnesota,20,1,,3.6,150611.11111111112
680,27007,Beltrami,Minnesota,37,2,3.0,4.2,140153.40314136125
681,27013,Blue Earth,Minnesota,26,1,,2.5,142404.59770114944
682,27017,Carlton,Minnesota,24,2,3.7142857142857144,4.1,153219.54022988505
683,27019,Carver,Minnesota,39,1,4.0,2.5,234788.88888888888
684,27023,Chippewa,Minnesota,11,1,,3.3,75406.13026819924
685,27025,Chisago,Minnesota,21,1,4.0,3.4,173526.4367816092
686,27037,Dakota,Minnesota,135,3,4.0,2.5,204452.49042145594
687,27041,Douglas,Minnesota,17,1,3.0,2.8,164246.44351464434
688,27043,Faribault,Minnesota,14,1,3.0,3.5,82731.46853146853
689,27049,Goodhue,Minnesota,30,4,4.0,2.8,143799.61685823754
690,27053,Hennepin,Minnesota,475,12,3.75,2.5,196116.8582375479
691,27057,Hubbard,Minnesota,10,1,,4.8,171221.2669683258
692,27059,Isanti,Minnesota,20,1,4.0,3.8,145214.55938697318
693,27061,Itasca,Minnesota,28,3,,5.5,126346.74329501916
694,27065,Kanabec,Minnesota,7,1,4.0,5.4,133284.93723849373
695,27067,Kandiyohi,Minnesota,20,1,4.0,3.0,135698.85057471265
696,27075,Lake,Minnesota,5,1,,3.1,176398.4674329502
697,27083,Lyon,Minnesota,15,2,,2.9,120292.81437125748
698,27085,McLeod,Minnesota,21,2,,3.2,131594.63601532567
699,27091,Martin,Minnesota,15,1,,3.2,76895.78544061302
700,27093,Meeker,Minnesota,11,1,,3.5,129633.33333333333
701,27095,Mille Lacs,Minnesota,21,1,3.0,4.8,149692.45283018867
702,27097,Morrison,Minnesota,23,1,3.0,4.7,135876.62835249043
703,27099,Mower,Minnesota,25,1,,2.7,86697.95918367348
704,27109,Olmsted,Minnesota,66,3,3.0,2.4,155167.43295019158
705,27111,Otter Tail,Minnesota,33,2,4.0,3.6,208880.0766283525
706,27113,Pennington,Minnesota,6,2,,4.3,113016.85823754789
707,27115,Pine,Minnesota,14,3,3.0,4.8,133879.42583732057
708,27123,Ramsey,Minnesota,252,6,3.4,2.7,170966.28352490423
709,27131,Rice,Minnesota,31,1,4.0,2.8,168276.0180995475
710,27137,Saint Louis,Minnesota,89,8,3.5,3.7,117277.52808988764
711,27139,Scott,Minnesota,58,2,,2.5,221823.37164750957
712,27141,Sherburne,Minnesota,38,1,,3.2,172331.41762452107
713,27145,Stearns,Minnesota,63,5,4.0,3.0,140058.62068965516
714,27147,Steele,Minnesota,20,1,3.0,3.1,132565.13409961684
715,27153,Todd,Minnesota,11,2,4.0,3.9,100680.07662835249
716,27157,Wabasha,Minnesota,13,1,,3.1,144029.88505747126
717,27159,Wadena,Minnesota,10,1,3.0,5.5,80922.59414225942
718,27163,Washington,Minnesota,94,2,4.0,2.5,215673.5632183908
719,27169,Winona,Minnesota,19,1,3.0,2.6,123520.68965517242
720,27171,Wright,Minnesota,62,2,4.0,3.0,177494.2528735632
721,28001,Adams,Mississippi,12,2,2.0,6.1,108582.97872340426
722,28003,Alcorn,Mississippi,15,1,2.0,4.1,80608.42911877394
723,28011,Bolivar,Mississippi,36,1,2.0,6.0,92167.81609195402
724,28017,Chickasaw,Mississippi,9,1,,4.9,59811.95219123506
725,28019,Choctaw,Mississippi,5,2,,4.8,86817.02127659574
726,28021,Claiborne,Mississippi,4,1,,8.8,65791.60305343512
727,28023,Clarke,Mississippi,9,1,,5.6,67054.78927203066
728,28025,Clay,Mississippi,9,1,,6.1,83845.74468085106
729,28027,Coahoma,Mississippi,17,1,,6.8,68532.97872340426
730,28031,Covington,Mississippi,10,1,,4.4,90931.80076628353
731,28033,DeSoto,Mississippi,41,3,,3.6,131164.61538461538
732,28035,Forrest,Mississippi,21,2,2.0,4.3,95951.34099616858
733,28039,George,Mississippi,8,1,,6.3,102888.88888888889
734,28043,Grenada,Mississippi,6,1,,4.2,81428.7356321839
735,28045,Hancock,Mississippi,11,1,3.0,4.8,125947.87234042553
736,28051,Holmes,Mississippi,14,1,,8.9,73877.65957446808
737,28053,Humphreys,Mississippi,5,1,,8.5,65709.73451327434
738,28059,Jackson,Mississippi,46,2,2.0,5.4,112491.48936170213
739,28061,Jasper,Mississippi,7,1,,5.9,76404.59770114943
740,28065,Jefferson Davis,Mississippi,5,1,,6.4,65510.727969348656
741,28071,Lafayette,Mississippi,14,1,,3.9,146572.030651341
742,28073,Lamar,Mississippi,18,2,3.0,3.6,137603.83141762452
743,28077,Lawrence,Mississippi,6,1,,5.8,71086.20689655172
744,28081,Lee,Mississippi,34,2,,3.8,102884.67432950191
745,28083,Leflore,Mississippi,15,2,2.0,6.8,54340.425531914894
746,28085,Lincoln,Mississippi,12,1,,4.7,108801.4598540146
747,28087,Lowndes,Mississippi,19,1,,4.8,100886.20689655172
748,28089,Madison,Mississippi,31,2,3.0,3.6,181784.0
749,28091,Marion,Mississippi,10,1,3.3333333333333335,5.1,86745.5938697318
750,28093,Marshall,Mississippi,16,1,3.0,4.7,70954.78927203066
751,28097,Montgomery,Mississippi,5,2,,5.1,73134.0425531915
752,28099,Neshoba,Mississippi,11,2,3.0,4.7,85960.53639846743
753,28101,Newton,Mississippi,12,2,,4.9,79344.44444444444
754,28105,Oktibbeha,Mississippi,11,1,3.0,4.6,161918.085106383
755,28107,Panola,Mississippi,12,1,,5.9,92409.5744680851
756,28109,Pearl River,Mississippi,21,3,,4.7,111953.25670498084
757,28111,Perry,Mississippi,8,1,,5.7,85433.71647509579
758,28113,Pike,Mississippi,16,2,3.0,5.6,118052.49042145594
759,28115,Pontotoc,Mississippi,12,1,,3.8,97119.14893617021
760,28117,Prentiss,Mississippi,14,1,,4.4,69789.88764044944
761,28119,Quitman,Mississippi,4,1,,7.5,64544.68085106383
762,28123,Scott,Mississippi,12,2,,3.7,87857.47126436782
763,28129,Smith,Mississippi,6,1,,4.4,70598.85057471265
764,28131,Stone,Mississippi,4,1,,5.5,128304.59770114943
765,28137,Tate,Mississippi,10,1,3.0,4.7,113359.38697318008
766,28139,Tippah,Mississippi,10,1,,4.3,93727.65957446808
767,28141,Tishomingo,Mississippi,8,1,,4.6,78997.70114942528
768,28145,Union,Mississippi,9,1,,3.4,141197.87234042553
769,28147,Walthall,Mississippi,7,1,,6.4,82899.61685823755
770,28149,Warren,Mississippi,16,2,2.0,5.3,100213.02681992337
771,28153,Wayne,Mississippi,8,1,3.0,5.3,80029.31937172775
772,28161,Yalobusha,Mississippi,4,1,4.0,4.9,85954.25531914894
773,28163,Yazoo,Mississippi,10,1,2.0,5.4,67726.4367816092
774,29007,Audrain,Missouri,14,1,,3.3,79386.97318007663
775,29019,Boone,Missouri,52,6,3.0,2.4,129419.92337164751
776,29027,Callaway,Missouri,24,2,,3.0,132266.03773584907
777,29029,Camden,Missouri,16,2,3.0,4.4,165319.1489361702
778,29031,Cape Girardeau,Missouri,27,3,2.75,2.8,137319.78021978022
779,29037,Cass,Missouri,45,2,3.0,3.1,151532.56704980842
780,29047,Clay,Missouri,74,6,3.5,3.0,136902.44897959183
781,29051,Cole,Missouri,27,3,3.5,2.6,130204.59770114943
782,29055,Crawford,Missouri,9,1,,4.1,101571.18644067796
783,29071,Franklin,Missouri,43,1,4.0,3.2,97859.38697318008
784,29077,Greene,Missouri,92,9,3.0,2.6,108611.49425287357
785,29091,Howell,Missouri,15,2,3.0,3.9,125652.8735632184
786,29095,Jackson,Missouri,232,19,3.3333333333333335,3.8,104930.09708737864
787,29097,Jasper,Missouri,51,2,3.5,2.8,80581.6091954023
788,29099,Jefferson,Missouri,66,1,3.0,3.2,129983.52490421456
789,29101,Johnson,Missouri,26,1,3.0,3.8,143054.71698113208
790,29105,Laclede,Missouri,13,1,3.0,3.9,110366.28352490421
791,29113,Lincoln,Missouri,20,1,3.0,3.4,142478.44311377246
792,29117,Livingston,Missouri,11,2,4.0,2.7,86675.78947368421
793,29121,Macon,Missouri,14,1,,3.1,114055.08474576271
794,29145,Newton,Missouri,22,5,3.0,3.1,98870.21276595745
795,29157,Perry,Missouri,6,1,4.0,2.5,97388.65979381443
796,29161,Phelps,Missouri,15,1,3.0,3.3,118421.53846153847
797,29167,Polk,Missouri,18,1,3.0,3.8,126341.74757281554
798,29175,Randolph,Missouri,15,1,2.0,4.1,77355.08982035928
799,29183,Saint Charles,Missouri,82,7,,2.6,170553.25670498086
800,29185,Saint Clair,Missouri,7,2,,4.6,111113.15789473684
801,29187,Saint Francois,Missouri,30,4,,3.8,99460.37735849057
802,29189,Saint Louis,Missouri,269,22,2.75,3.1,145947.1264367816
803,29201,Scott,Missouri,23,1,3.0,3.6,91678.72340425532
804,29207,Stoddard,Missouri,21,1,3.0,4.7,87250.0
805,29510,Saint Louis City,Missouri,113,15,,3.9,95774.32950191571
806,30003,Big Horn,Montana,16,2,,9.4,198604.59770114944
807,30005,Blaine,Montana,16,1,,4.2,161904.25531914894
808,30009,Carbon,Montana,19,1,,3.6,191680.8510638298
809,30013,Cascade,Montana,43,3,,3.7,129752.08333333333
810,30015,Chouteau,Montana,15,2,,3.1,191809.5744680851
811,30017,Custer,Montana,16,1,3.0,3.2,149018.085106383
812,30021,Dawson,Montana,10,1,,2.8,149850.0
813,30027,Fergus,Montana,24,1,4.0,3.9,164838.29787234042
814,30035,Glacier,Montana,19,2,,7.9,173045.74468085106
815,30041,Hill,Montana,19,1,2.0,3.5,162570.21276595743
816,30053,Lincoln,Montana,14,1,3.0,7.7,120832.97872340426
817,30057,Madison,Montana,13,2,,3.7,215070.37037037036
818,30063,Missoula,Montana,41,2,4.0,3.4,194167.5
819,30067,Park,Montana,16,2,3.0,3.9,182944.061302682
820,30073,Pondera,Montana,17,1,,4.1,186808.51063829788
821,30077,Powell,Montana,9,1,,4.3,178460.53639846743
822,30081,Ravalli,Montana,22,1,,4.2,172222.3404255319
823,30087,Rosebud,Montana,15,1,,5.3,174535.10638297873
824,30089,Sanders,Montana,17,1,,6.3,102067.60563380281
825,30093,Silver Bow,Montana,12,2,3.0,4.1,108601.06382978724
826,30095,Stillwater,Montana,18,1,,3.6,156086.17021276595
827,30097,Sweet Grass,Montana,6,1,,3.0,194022.98850574714
828,30105,Valley,Montana,17,1,3.0,3.2,163322.3404255319
829,30111,Yellowstone,Montana,59,3,,3.4,155320.41666666666
830,31011,Boone,Nebraska,10,1,4.0,2.3,93678.32167832168
831,31053,Dodge,Nebraska,21,1,,2.8,103795.51020408163
832,31055,Douglas,Nebraska,194,18,3.6666666666666665,3.1,123922.22222222222
833,31067,Gage,Nebraska,13,2,4.0,3.2,83876.24521072797
834,31079,Hall,Nebraska,30,2,,3.2,105398.46743295019
835,31097,Johnson,Nebraska,7,1,,3.6,72828.35249042146
836,31105,Kimball,Nebraska,2,1,,2.7,57444.8275862069
837,31107,Knox,Nebraska,15,1,,3.1,63952.808988764045
838,31109,Lancaster,Nebraska,87,8,4.333333333333333,2.6,124354.02298850575
839,31111,Lincoln,Nebraska,23,1,3.0,3.0,103822.98850574713
840,31119,Madison,Nebraska,23,3,4.0,2.5,105253.63984674329
841,31131,Otoe,Nebraska,9,3,3.5,2.9,119513.48314606742
842,31153,Sarpy,Nebraska,64,3,3.0,2.6,140885.82375478928
843,31157,Scotts Bluff,Nebraska,27,1,3.0,3.2,112500.0
844,31159,Seward,Nebraska,7,1,3.25,2.6,117319.1570881226
845,31177,Washington,Nebraska,12,1,,2.8,152252.80898876404
846,32003,Clark,Nevada,396,43,2.2,4.8,180542.5287356322
847,32005,Douglas,Nevada,14,2,3.0,4.3,277684.6743295019
848,32007,Elko,Nevada,37,2,3.0,3.3,181273.94636015326
849,32013,Humboldt,Nevada,15,1,3.0,3.5,169270.11494252874
850,32019,Lyon,Nevada,20,3,,5.5,154755.55555555556
851,32031,Washoe,Nevada,120,14,2.75,3.7,221953.25670498086
852,32510,Carson City,Nevada,16,3,3.0,4.7,238548.38709677418
853,33001,Belknap,New Hampshire,22,1,3.0,2.6,171377.01149425286
854,33003,Carroll,New Hampshire,22,2,3.3076923076923075,2.6,210645.93301435406
855,33005,Cheshire,New Hampshire,36,1,4.0,2.6,152462.4521072797
856,33007,Coos,New Hampshire,23,3,3.0,3.3,105392.95154185023
857,33009,Grafton,New Hampshire,51,5,3.25,2.1,151873.18007662834
858,33011,Hillsborough,New Hampshire,115,11,3.111111111111111,2.7,201978.54406130267
859,33013,Merrimack,New Hampshire,62,4,3.3333333333333335,2.3,181951.72413793104
860,33015,Rockingham,New Hampshire,94,6,3.0,2.8,234257.4712643678
861,33017,Strafford,New Hampshire,37,2,4.0,2.3,178459.38697318008
862,33019,Sullivan,New Hampshire,26,1,4.0,2.2,152971.83673469388
863,34001,Atlantic,New Jersey,83,9,4.0,5.9,181467.43295019158
864,34003,Bergen,New Jersey,283,10,2.8333333333333335,3.5,373132.183908046
865,34005,Burlington,New Jersey,145,9,3.0,3.8,195624.1379310345
866,34007,Camden,New Jersey,172,11,4.0,4.6,148403.06513409963
867,34009,Cape May,New Jersey,34,1,,8.5,291268.58237547893
868,34011,Cumberland,New Jersey,57,4,2.0,6.5,121950.19157088123
869,34013,Essex,New Jersey,257,14,2.0,5.2,286636.7816091954
870,34015,Gloucester,New Jersey,86,3,3.0,4.2,174114.17624521072
871,34017,Hudson,New Jersey,128,8,1.8,3.9,274449.4252873563
872,34019,Hunterdon,New Jersey,56,1,3.0,3.3,335381.99233716476
873,34021,Mercer,New Jersey,104,12,2.75,3.7,204894.2528735632
874,34023,Middlesex,New Jersey,203,13,2.5,3.7,256868.58237547893
875,34025,Monmouth,New Jersey,190,8,3.25,3.7,321504.5977011494
876,34027,Morris,New Jersey,156,10,,3.3,365167.43295019155
877,34029,Ocean,New Jersey,117,9,3.0,4.4,232932.183908046
878,34031,Passaic,New Jersey,150,6,,5.1,271939.46360153257
879,34033,Salem,New Jersey,33,2,3.0,5.4,136048.65900383142
880,34035,Somerset,New Jersey,76,5,2.0,3.5,330569.34865900385
881,34037,Sussex,New Jersey,47,2,,4.0,216431.41762452107
882,34039,Union,New Jersey,173,10,2.3333333333333335,4.4,277143.6781609195
883,34041,Warren,New Jersey,47,3,,3.8,211140.99616858238
884,35001,Bernalillo,New Mexico,202,17,3.3333333333333335,4.4,156812.26053639848
885,35006,Cibola,New Mexico,18,2,3.0,6.3,131728.7356321839
886,35007,Colfax,New Mexico,18,1,,4.9,134416.10169491524
887,35013,Dona Ana,New Mexico,76,6,2.7142857142857144,5.7,127921.83908045977
888,35015,Eddy,New Mexico,27,2,3.0,3.4,137978.92720306513
889,35017,Grant,New Mexico,16,1,4.0,4.9,130716.05839416059
890,35019,Guadalupe,New Mexico,8,1,,5.3,127382.97872340426
891,35027,Lincoln,New Mexico,15,1,3.0,4.5,219781.6091954023
892,35028,Los Alamos,New Mexico,7,1,3.0,3.2,244965.95744680852
893,35031,McKinley,New Mexico,54,4,2.0,7.0,153562.83524904214
894,35037,Quay,New Mexico,12,1,,4.7,202471.64750957856
895,35039,Rio Arriba,New Mexico,31,1,4.0,5.1,158378.72340425532
896,35043,Sandoval,New Mexico,47,2,3.0,4.9,188021.83908045976
897,35045,San Juan,New Mexico,62,3,2.0,5.3,184402.2988505747
898,35049,Santa Fe,New Mexico,54,3,2.0,4.1,250131.41762452107
899,35051,Sierra,New Mexico,5,1,,7.0,88397.87234042553
900,35053,Socorro,New Mexico,11,1,,5.2,155361.70212765958
901,36001,Albany,New York,74,7,2.0,3.8,165450.19157088123
902,36003,Allegany,New York,19,2,2.0,5.9,52817.24137931035
903,36007,Broome,New York,51,4,,5.1,87122.22222222222
904,36009,Cattaraugus,New York,30,2,3.0,5.6,64808.42911877394
905,36011,Cayuga,New York,22,1,,4.7,90613.40996168583
906,36015,Chemung,New York,26,3,3.25,4.9,73655.55555555556
907,36017,Chenango,New York,23,1,,4.8,70739.46360153257
908,36019,Clinton,New York,28,1,,4.6,97221.83908045977
909,36021,Columbia,New York,19,1,2.0,3.5,168512.26053639848
910,36023,Cortland,New York,18,1,,5.3,87868.58237547893
911,36025,Delaware,New York,23,4,2.0,5.1,94400.38314176245
912,36027,Dutchess,New York,77,4,2.5,3.8,231071.64750957856
913,36029,Erie,New York,218,16,3.125,4.5,109717.24137931035
914,36031,Essex,New York,16,3,3.0,5.1,151976.40449438203
915,36033,Franklin,New York,22,2,3.5,5.3,70126.69322709163
916,36035,Fulton,New York,21,1,3.0,5.3,88570.49808429119
917,36037,Genesee,New York,21,3,,4.4,90120.30651340996
918,36043,Herkimer,New York,25,1,4.0,5.1,74503.06513409961
919,36045,Jefferson,New York,39,3,2.0,5.8,97902.68199233717
920,36047,Kings,New York,589,18,1.375,4.2,404818.3908045977
921,36051,Livingston,New York,22,1,3.0,4.5,102561.68582375479
922,36053,Madison,New York,26,2,3.5,5.0,97522.60536398468
923,36055,Monroe,New York,184,8,2.75,4.4,114760.53639846743
924,36057,Montgomery,New York,17,2,,5.3,79057.08812260536
925,36059,Nassau,New York,315,13,2.0,3.7,380867.816091954
926,36061,New York,New York,377,29,2.625,3.6,833242.8571428572
927,36063,Niagara,New York,52,5,2.0,5.4,93033.33333333333
928,36065,Oneida,New York,78,7,,4.7,90745.5938697318
929,36067,Onondaga,New York,124,7,2.5,4.2,105786.20689655172
930,36069,Ontario,New York,30,4,3.0,4.1,119145.21072796934
931,36071,Orange,New York,85,7,3.0,4.1,208713.7931034483
932,36073,Orleans,New York,13,1,2.0,5.1,76257.47126436782
933,36075,Oswego,New York,41,2,3.0,5.7,77631.80076628353
934,36077,Otsego,New York,21,2,2.0,4.6,96133.33333333333
935,36079,Putnam,New York,21,1,3.0,3.8,293376.24521072797
936,36081,Queens,New York,368,12,1.2,3.5,354133.7164750958
937,36083,Rensselaer,New York,45,3,3.25,4.0,138966.66666666666
938,36085,Richmond,New York,80,6,,4.1,337847.8927203065
939,36087,Rockland,New York,67,4,2.0,3.9,348971.64750957856
940,36089,Saint Lawrence,New York,41,5,2.6666666666666665,5.9,62067.43295019157
941,36091,Saratoga,New York,51,3,3.0,3.6,191499.61685823754
942,36093,Schenectady,New York,42,4,2.0,4.2,130215.32567049809
943,36095,Schoharie,New York,12,1,4.0,5.0,95064.75095785441
944,36101,Steuben,New York,38,6,4.0,5.1,71883.14176245211
945,36103,Suffolk,New York,350,14,2.0,4.0,332647.8813559322
946,36105,Sullivan,New York,19,2,2.0,4.2,121092.72030651341
947,36109,Tompkins,New York,33,1,,3.7,141065.5172413793
948,36111,Ulster,New York,46,3,3.0,4.1,173655.938697318
949,36113,Warren,New York,20,1,4.0,4.8,158114.94252873564
950,36117,Wayne,New York,38,1,2.0,4.3,95286.97318007663
951,36119,Westchester,New York,254,18,2.1666666666666665,4.1,470585.44061302685
952,36121,Wyoming,New York,15,1,3.0,4.9,79212.64367816092
953,36123,Yates,New York,6,1,,4.0,97516.091954023
954,37001,Alamance,North Carolina,39,1,3.0,3.7,118867.04980842912
955,37003,Alexander,North Carolina,10,1,,3.2,120439.84674329501
956,37009,Ashe,North Carolina,5,1,,3.6,122911.15879828326
957,37019,Brunswick,North Carolina,21,3,3.0,5.2,187747.89272030653
958,37021,Buncombe,North Carolina,56,4,,3.0,173332.95019157088
959,37025,Cabarrus,North Carolina,48,2,3.0,3.5,134581.99233716476
960,37027,Caldwell,North Carolina,26,1,2.0,3.8,71737.93103448275
961,37035,Catawba,North Carolina,44,2,3.0,3.5,94335.24904214559
962,37037,Chatham,North Carolina,20,1,,3.3,213933.47280334728
963,37039,Cherokee,North Carolina,15,1,,4.4,120434.83146067416
964,37045,Cleveland,North Carolina,30,4,4.0,4.0,88184.46215139443
965,37049,Craven,North Carolina,25,2,,4.2,126619.1570881226
966,37051,Cumberland,North Carolina,97,4,3.0,5.1,103108.8122605364
967,37055,Dare,North Carolina,11,1,,5.3,283548.9270386266
968,37057,Davidson,North Carolina,46,2,2.0,3.7,106871.91011235955
969,37059,Davie,North Carolina,12,2,,3.4,137617.24137931035
970,37061,Duplin,North Carolina,16,1,,4.4,68906.89655172414
971,37063,Durham,North Carolina,67,6,3.5,3.5,149488.12260536398
972,37065,Edgecombe,North Carolina,21,1,,6.9,54951.724137931036
973,37067,Forsyth,North Carolina,86,6,3.0,3.8,121777.39463601532
974,37069,Franklin,North Carolina,17,1,,4.0,108831.80076628353
975,37071,Gaston,North Carolina,58,2,4.0,3.8,99761.68582375479
976,37077,Granville,North Carolina,23,1,,3.4,128284.06374501991
977,37081,Guilford,North Carolina,133,7,,4.1,116616.85823754789
978,37083,Halifax,North Carolina,20,2,,6.1,72632.24489795919
979,37085,Harnett,North Carolina,30,2,,4.6,151710.11235955055
980,37087,Haywood,North Carolina,16,1,3.0,3.4,102185.44061302682
981,37089,Henderson,North Carolina,25,2,,3.3,161870.51792828686
982,37093,Hoke,North Carolina,14,2,,5.0,128805.85774058578
983,37097,Iredell,North Carolina,48,3,2.5,3.5,123310.75697211156
984,37099,Jackson,North Carolina,10,1,2.0,4.2,183391.57088122604
985,37101,Johnston,North Carolina,45,1,,3.6,133642.91187739462
986,37105,Lee,North Carolina,16,1,2.0,4.3,105507.27969348659
987,37107,Lenoir,North Carolina,18,1,,4.0,86863.9846743295
988,37109,Lincoln,North Carolina,25,1,,3.4,114659.77011494253
989,37111,McDowell,North Carolina,13,1,,3.5,78920.70484581498
990,37113,Macon,North Carolina,11,2,3.0,4.0,115331.97969543147
991,37119,Mecklenburg,North Carolina,192,13,3.5,3.7,152306.89655172414
992,37125,Moore,North Carolina,25,1,,3.9,159233.33333333334
993,37127,Nash,North Carolina,26,2,2.0,5.2,115583.908045977
994,37129,New Hanover,North Carolina,46,2,3.0,3.8,167503.44827586206
995,37133,Onslow,North Carolina,36,3,3.0,4.5,118694.63601532567
996,37135,Orange,North Carolina,35,1,,3.3,217372.41379310345
997,37141,Pender,North Carolina,16,1,,4.2,180844.44444444444
998,37145,Person,North Carolina,12,1,3.0,4.1,118443.67816091955
999,37147,Pitt,North Carolina,36,1,2.0,4.3,112996.62921348315
1000,37151,Randolph,North Carolina,39,1,4.0,3.7,110469.66292134831
1001,37155,Robeson,North Carolina,44,1,3.0,5.9,63525.28735632184
1002,37157,Rockingham,North Carolina,26,2,3.0,4.5,81421.45593869731
1003,37159,Rowan,North Carolina,36,2,3.0,3.9,118578.54406130269
1004,37167,Stanly,North Carolina,22,1,3.0,3.6,109835.24904214559
1005,37169,Stokes,North Carolina,20,1,,3.6,111648.27586206897
1006,37171,Surry,North Carolina,27,2,3.0,3.6,117460.15325670499
1007,37179,Union,North Carolina,53,1,2.0,3.4,164442.5287356322
1008,37181,Vance,North Carolina,19,1,2.0,5.7,85705.74712643678
1009,37183,Wake,North Carolina,197,8,3.5,3.3,189145.21072796936
1010,37189,Watauga,North Carolina,11,2,,3.5,199627.58620689655
1011,37191,Wayne,North Carolina,33,1,2.6666666666666665,4.4,77558.62068965517
1012,37195,Wilson,North Carolina,28,1,4.0,6.2,114075.86206896552
1013,38001,Adams,North Dakota,2,1,4.0,2.0,83419.14893617021
1014,38015,Burleigh,North Dakota,37,2,4.0,2.6,197252.53164556963
1015,38017,Cass,North Dakota,53,8,3.25,2.3,184786.51685393258
1016,38021,Dickey,North Dakota,5,1,3.0,1.9,77152.12765957447
1017,38029,Emmons,North Dakota,8,1,,4.7,133450.5747126437
1018,38055,McLean,North Dakota,15,2,,3.3,116193.48659003832
1019,38059,Morton,North Dakota,24,1,,3.2,198916.66666666666
1020,38069,Pierce,North Dakota,5,1,3.0,3.2,131075.53191489363
1021,38089,Stark,North Dakota,18,2,,2.5,220486.72566371682
1022,38093,Stutsman,North Dakota,18,2,3.0,2.5,161729.203539823
1023,38101,Ward,North Dakota,32,3,1.0,3.0,192455.75221238937
1024,39001,Adams,Ohio,9,1,3.0,7.0,66800.0
1025,39003,Allen,Ohio,35,5,3.5,4.4,81815.32567049809
1026,39005,Ashland,Ohio,21,1,,4.5,108475.47892720306
1027,39007,Ashtabula,Ohio,32,5,4.0,5.3,80785.44061302682
1028,39011,Auglaize,Ohio,17,1,,3.3,102978.16091954023
1029,39013,Belmont,Ohio,23,4,3.5,5.5,68649.42528735632
1030,39015,Brown,Ohio,17,1,,5.3,102933.70786516854
1031,39017,Butler,Ohio,84,8,3.6666666666666665,4.1,135281.6091954023
1032,39021,Champaign,Ohio,18,1,3.0,3.8,101206.51340996168
1033,39023,Clark,Ohio,51,5,2.7777777777777777,4.5,90643.67816091955
1034,39025,Clermont,Ohio,49,1,4.0,4.0,138992.33716475096
1035,39029,Columbiana,Ohio,40,2,3.0,5.2,75465.5172413793
1036,39031,Coshocton,Ohio,13,1,,6.1,78623.37164750957
1037,39033,Crawford,Ohio,18,2,3.0,5.2,71395.40229885057
1038,39035,Cuyahoga,Ohio,381,29,3.857142857142857,5.2,112496.93486590039
1039,39037,Darke,Ohio,20,1,3.0,3.9,107095.40229885057
1040,39039,Defiance,Ohio,14,3,3.8,4.4,89161.68582375479
1041,39041,Delaware,Ohio,55,3,2.6666666666666665,3.3,224737.5478927203
1042,39043,Erie,Ohio,26,2,4.0,5.6,114434.09961685824
1043,39045,Fairfield,Ohio,47,2,2.0,4.0,143122.98850574714
1044,39047,Fayette,Ohio,7,1,3.0,4.1,90083.908045977
1045,39049,Franklin,Ohio,381,24,2.625,3.7,124913.79310344828
1046,39051,Fulton,Ohio,21,1,3.0,4.4,112266.66666666667
1047,39055,Geauga,Ohio,25,2,4.0,4.3,198925.67049808428
1048,39057,Greene,Ohio,37,3,3.0,4.0,142946.10778443114
1049,39059,Guernsey,Ohio,15,2,3.0,5.5,77336.0153256705
1050,39061,Hamilton,Ohio,209,24,3.076923076923077,4.1,118553.63984674329
1051,39063,Hancock,Ohio,35,1,4.0,3.4,112087.35632183908
1052,39065,Hardin,Ohio,16,1,4.0,4.3,87647.89272030651
1053,39069,Henry,Ohio,14,1,4.0,4.9,97681.22605363985
1054,39071,Highland,Ohio,18,2,2.0,5.5,82214.94252873563
1055,39073,Hocking,Ohio,8,1,3.0,4.9,101357.95918367348
1056,39083,Knox,Ohio,20,1,3.0,4.3,105622.22222222222
1057,39085,Lake,Ohio,58,3,,4.7,134158.62068965516
1058,39087,Lawrence,Ohio,24,1,,5.5,75474.32950191571
1059,39089,Licking,Ohio,56,4,3.0,3.9,184389.36170212767
1060,39091,Logan,Ohio,14,1,3.0,3.7,98908.42911877394
1061,39093,Lorain,Ohio,94,8,4.25,5.4,121642.91187739464
1062,39095,Lucas,Ohio,147,14,3.375,5.2,89199.61685823755
1063,39097,Madison,Ohio,17,1,3.0,3.7,120330.65134099616
1064,39099,Mahoning,Ohio,74,10,3.0,5.9,74848.65900383142
1065,39101,Marion,Ohio,27,1,3.3333333333333335,4.5,74185.8407079646
1066,39103,Medina,Ohio,43,3,4.0,4.3,159304.21455938698
1067,39107,Mercer,Ohio,22,1,4.0,2.7,120409.19540229885
1068,39109,Miami,Ohio,40,1,3.0,3.8,116060.15325670499
1069,39113,Montgomery,Ohio,164,17,3.090909090909091,4.4,92417.24137931035
1070,39117,Morrow,Ohio,15,1,4.0,4.4,102062.83524904214
1071,39119,Muskingum,Ohio,31,3,2.75,5.3,88960.53639846743
1072,39123,Ottawa,Ohio,16,1,4.0,6.3,124045.5938697318
1073,39129,Pickaway,Ohio,21,1,3.0,4.2,127814.55938697318
1074,39133,Portage,Ohio,54,1,,4.5,135636.7816091954
1075,39139,Richland,Ohio,48,4,3.0,4.8,87852.8735632184
1076,39141,Ross,Ohio,27,2,3.0,4.5,90354.4061302682
1077,39143,Sandusky,Ohio,25,3,3.3076923076923075,4.5,96534.86590038314
1078,39145,Scioto,Ohio,33,2,4.0,6.7,65487.35632183908
1079,39147,Seneca,Ohio,24,4,3.5,4.4,87279.77528089887
1080,39149,Shelby,Ohio,21,1,3.0,3.7,109625.28735632185
1081,39153,Summit,Ohio,161,12,3.0,4.6,114491.1877394636
1082,39155,Trumbull,Ohio,72,5,4.0,6.2,78316.85823754789
1083,39157,Tuscarawas,Ohio,43,3,3.0,4.5,90973.5632183908
1084,39159,Union,Ohio,17,1,,3.4,151314.55938697318
1085,39161,Van Wert,Ohio,13,2,3.0,3.5,84009.16334661354
1086,39165,Warren,Ohio,45,4,4.0,3.8,169186.59003831417
1087,39167,Washington,Ohio,24,2,2.5,5.5,91381.99233716475
1088,39169,Wayne,Ohio,43,2,3.0,3.6,118701.91570881226
1089,39171,Williams,Ohio,18,2,,3.6,84308.0459770115
1090,39173,Wood,Ohio,43,1,3.0,4.0,120594.25287356322
1091,40009,Beckham,Oklahoma,15,2,3.0,2.8,75086.33540372671
1092,40013,Bryan,Oklahoma,23,1,3.0,3.3,74957.47126436782
1093,40017,Canadian,Oklahoma,47,2,,2.9,143500.0
1094,40019,Carter,Oklahoma,28,2,3.0,3.7,66309.5785440613
1095,40021,Cherokee,Oklahoma,21,2,2.0,4.5,74363.9846743295
1096,40027,Cleveland,Oklahoma,70,6,3.5,3.0,110371.2643678161
1097,40031,Comanche,Oklahoma,54,5,3.0,4.1,71844.44444444444
1098,40037,Creek,Oklahoma,38,3,3.0,4.0,86095.50561797753
1099,40039,Custer,Oklahoma,15,2,3.0,2.6,76136.39846743295
1100,40041,Delaware,Oklahoma,19,1,3.0,4.0,120475.13513513513
1101,40047,Garfield,Oklahoma,34,3,4.0,3.2,96219.10112359551
1102,40051,Grady,Oklahoma,31,1,2.6666666666666665,3.2,83970.11494252873
1103,40055,Greer,Oklahoma,6,1,,4.2,35231.80076628352
1104,40065,Jackson,Oklahoma,19,1,,3.2,53210.727969348656
1105,40079,LeFlore,Oklahoma,38,1,3.0,4.9,72103.37078651685
1106,40081,Lincoln,Oklahoma,23,2,,3.7,63876.24521072797
1107,40083,Logan,Oklahoma,13,1,,3.2,113065.16853932584
1108,40087,McClain,Oklahoma,22,1,4.0,2.9,112391.8918918919
1109,40089,McCurtain,Oklahoma,29,1,3.0,5.6,77385.10638297872
1110,40091,McIntosh,Oklahoma,12,1,,6.2,54854.4061302682
1111,40095,Marshall,Oklahoma,6,1,3.0,4.1,59460.15325670498
1112,40097,Mayes,Oklahoma,23,1,4.0,3.6,83665.5172413793
1113,40109,Oklahoma,Oklahoma,230,30,3.2,3.4,94882.75862068965
1114,40111,Okmulgee,Oklahoma,24,4,2.5,5.0,50665.900383141765
1115,40113,Osage,Oklahoma,34,2,,4.4,103538.20224719102
1116,40115,Ottawa,Oklahoma,22,2,3.0,3.7,55484.291187739465
1117,40119,Payne,Oklahoma,28,2,3.0,3.1,112192.72030651341
1118,40121,Pittsburg,Oklahoma,35,2,,4.1,66901.53256704981
1119,40123,Pontotoc,Oklahoma,23,3,3.0,3.3,66290.4214559387
1120,40125,Pottawatomie,Oklahoma,35,2,,3.8,80200.0
1121,40131,Rogers,Oklahoma,34,2,3.0,3.4,111033.70786516854
1122,40133,Seminole,Oklahoma,25,1,3.0,5.1,52048.31460674157
1123,40135,Sequoyah,Oklahoma,25,1,,4.6,61855.1724137931
1124,40137,Stephens,Oklahoma,26,1,,4.3,58581.226053639846
1125,40143,Tulsa,Oklahoma,173,23,3.2,3.5,99540.22988505747
1126,40145,Wagoner,Oklahoma,21,1,3.0,3.5,105496.93486590039
1127,40147,Washington,Oklahoma,21,1,,4.1,70269.34865900384
1128,40153,Woodward,Oklahoma,12,2,3.0,2.9,96506.74157303371
1129,41003,Benton,Oregon,27,1,3.0,3.1,222176.62835249043
1130,41005,Clackamas,Oregon,115,4,3.25,3.6,256066.28352490423
1131,41011,Coos,Oregon,27,3,2.0,5.3,134332.183908046
1132,41013,Crook,Oregon,9,2,4.0,5.8,156269.38775510204
1133,41017,Deschutes,Oregon,43,2,,4.1,219064.36781609195
1134,41019,Douglas,Oregon,48,3,2.25,5.2,128790.03831417624
1135,41027,Hood River,Oregon,8,1,4.0,3.3,282851.58371040726
1136,41029,Jackson,Oregon,62,3,3.3333333333333335,4.7,190127.58620689655
1137,41031,Jefferson,Oregon,12,1,3.0,5.3,139824.89270386266
1138,41033,Josephine,Oregon,24,1,3.0,5.4,170903.44827586206
1139,41035,Klamath,Oregon,30,1,3.0,6.2,123474.32950191571
1140,41039,Lane,Oregon,111,6,2.5,4.3,182897.31800766283
1141,41041,Lincoln,Oregon,16,2,3.0,4.7,177428.7356321839
1142,41043,Linn,Oregon,46,2,2.5,4.6,145302.68199233717
1143,41045,Malheur,Oregon,25,1,,4.5,120263.74501992032
1144,41047,Marion,Oregon,111,4,3.0,4.2,161927.969348659
1145,41051,Multnomah,Oregon,168,12,2.857142857142857,3.6,228725.67049808428
1146,41053,Polk,Oregon,25,1,,4.3,181827.969348659
1147,41057,Tillamook,Oregon,11,1,,4.3,203028.28685258963
1148,41059,Umatilla,Oregon,37,4,3.25,4.8,121862.06896551725
1149,41061,Union,Oregon,14,1,3.0,5.2,129034.66135458168
1150,41067,Washington,Oregon,129,5,3.3333333333333335,3.4,241031.80076628353
1151,41071,Yamhill,Oregon,34,2,3.5,3.7,180600.38314176246
1152,42001,Adams,Pennsylvania,27,1,4.0,3.2,164662.06896551725
1153,42003,Allegheny,Pennsylvania,297,32,2.8181818181818183,4.1,100747.89272030651
1154,42005,Armstrong,Pennsylvania,21,1,4.0,5.0,80113.4693877551
1155,42007,Beaver,Pennsylvania,54,2,2.0,4.6,102416.85823754789
1156,42009,Bedford,Pennsylvania,19,1,,4.5,100792.8870292887
1157,42011,Berks,Pennsylvania,99,6,3.0,4.2,141934.09961685824
1158,42013,Blair,Pennsylvania,32,5,3.0,4.2,83733.71647509579
1159,42017,Bucks,Pennsylvania,133,10,3.375,3.7,250563.2183908046
1160,42019,Butler,Pennsylvania,44,3,4.0,3.9,161771.36563876653
1161,42021,Cambria,Pennsylvania,41,4,4.0,5.2,67163.2183908046
1162,42025,Carbon,Pennsylvania,21,2,3.0,5.1,120375.86206896552
1163,42027,Centre,Pennsylvania,34,3,4.0,3.3,165133.33333333334
1164,42029,Chester,Pennsylvania,109,10,3.25,3.2,266215.70881226053
1165,42033,Clearfield,Pennsylvania,27,2,3.0,5.1,70495.2
1166,42035,Clinton,Pennsylvania,11,2,3.0,5.4,99340.22988505747
1167,42037,Columbia,Pennsylvania,20,2,3.0,4.8,100151.72413793103
1168,42041,Cumberland,Pennsylvania,57,5,3.5,3.3,153224.1379310345
1169,42043,Dauphin,Pennsylvania,71,8,3.0,4.0,130188.12260536398
1170,42045,Delaware,Pennsylvania,108,8,2.3333333333333335,4.0,171975.47892720308
1171,42047,Elk,Pennsylvania,10,1,3.0,3.9,81669.34865900384
1172,42049,Erie,Pennsylvania,74,9,3.4,4.8,98375.09578544062
1173,42055,Franklin,Pennsylvania,42,3,3.5,3.7,123599.61685823755
1174,42061,Huntingdon,Pennsylvania,19,1,4.0,5.3,95708.15450643777
1175,42063,Indiana,Pennsylvania,23,1,3.0,5.0,87287.73946360154
1176,42065,Jefferson,Pennsylvania,16,2,3.5,4.7,83404.49438202247
1177,42069,Lackawanna,Pennsylvania,50,6,1.5,4.5,106269.73180076628
1178,42071,Lancaster,Pennsylvania,115,5,3.5,3.4,157132.56704980842
1179,42073,Lawrence,Pennsylvania,29,2,3.0,5.2,84312.38938053098
1180,42075,Lebanon,Pennsylvania,36,3,,3.8,138207.17131474105
1181,42077,Lehigh,Pennsylvania,83,10,3.0,4.6,156542.91187739462
1182,42079,Luzerne,Pennsylvania,67,8,2.5,5.4,87844.01544401544
1183,42081,Lycoming,Pennsylvania,33,4,4.0,4.9,109469.73180076628
1184,42085,Mercer,Pennsylvania,41,5,3.0,4.8,97851.67785234899
1185,42089,Monroe,Pennsylvania,32,2,,5.4,139901.14942528735
1186,42091,Montgomery,Pennsylvania,164,16,2.2,3.4,234897.7011494253
1187,42095,Northampton,Pennsylvania,61,3,2.0,4.4,166893.86973180078
1188,42097,Northumberland,Pennsylvania,25,2,3.0,5.2,87617.34104046243
1189,42101,Philadelphia,Pennsylvania,308,35,2.9285714285714284,5.6,93100.7662835249
1190,42107,Schuylkill,Pennsylvania,38,3,4.0,5.3,62066.28352490421
1191,42111,Somerset,Pennsylvania,29,3,3.0,5.2,81068.96551724138
1192,42117,Tioga,Pennsylvania,15,1,,5.1,90037.54789272031
1193,42121,Venango,Pennsylvania,20,1,,4.9,61214.942528735635
1194,42125,Washington,Pennsylvania,56,4,2.6666666666666665,4.4,105213.02681992337
1195,42127,Wayne,Pennsylvania,11,2,2.6666666666666665,4.7,132474.10358565737
1196,42129,Westmoreland,Pennsylvania,93,6,3.3333333333333335,4.4,98659.00383141762
1197,42133,York,Pennsylvania,109,7,3.3333333333333335,3.8,141408.8122605364
1198,44003,Kent,Rhode Island,47,1,3.0,3.7,179532.183908046
1199,44005,Newport,Rhode Island,21,2,4.0,3.6,292978.5440613027
1200,44007,Providence,Rhode Island,189,15,3.0,4.4,182825.28735632185
1201,44009,Washington,Rhode Island,38,2,3.0,3.6,273752.8735632184
1202,45003,Aiken,South Carolina,39,1,2.0,3.5,89558.42696629213
1203,45007,Anderson,South Carolina,55,4,,3.4,95452.49042145594
1204,45013,Beaufort,South Carolina,36,3,,3.4,249970.88122605364
1205,45019,Charleston,South Carolina,85,11,3.6666666666666665,2.9,203437.5478927203
1206,45021,Cherokee,South Carolina,19,1,2.0,4.0,67610.72796934866
1207,45027,Clarendon,South Carolina,14,2,,5.0,83640.44943820225
1208,45029,Colleton,South Carolina,9,1,3.0,4.2,103426.69683257918
1209,45031,Darlington,South Carolina,24,2,2.0,4.3,62083.52490421456
1210,45035,Dorchester,South Carolina,29,2,,3.2,143979.69348659003
1211,45037,Edgefield,South Carolina,10,1,,3.6,93842.95302013423
1212,45041,Florence,South Carolina,45,7,2.5,3.9,97296.55172413793
1213,45043,Georgetown,South Carolina,19,2,4.0,4.7,197113.14741035856
1214,45045,Greenville,South Carolina,103,12,4.4,3.1,131446.3601532567
1215,45051,Horry,South Carolina,56,5,3.5,4.4,142401.5325670498
1216,45055,Kershaw,South Carolina,18,1,4.0,3.7,85409.96168582376
1217,45057,Lancaster,South Carolina,22,1,2.0,3.9,111943.82470119522
1218,45059,Laurens,South Carolina,16,1,,3.8,87016.32653061225
1219,45063,Lexington,South Carolina,71,3,3.0,3.0,115242.52873563218
1220,45073,Oconee,South Carolina,19,1,,3.5,134210.96774193548
1221,45075,Orangeburg,South Carolina,32,2,,6.0,72955.55555555556
1222,45077,Pickens,South Carolina,27,2,3.0,3.5,111832.56704980842
1223,45079,Richland,South Carolina,107,16,2.0,3.6,117781.99233716475
1224,45083,Spartanburg,South Carolina,84,6,3.5,3.3,102881.22605363985
1225,45085,Sumter,South Carolina,28,1,,4.3,84921.34831460674
1226,45091,York,South Carolina,63,2,1.0,3.4,135761.6858237548
1227,46081,Lawrence,South Dakota,14,3,4.0,3.0,201466.28352490423
1228,46099,Minnehaha,South Dakota,78,8,,2.7,129912.69230769231
1229,46103,Pennington,South Dakota,40,6,3.0,3.1,166814.17624521072
1230,46135,Yankton,South Dakota,11,3,4.0,2.7,151830.65134099618
1231,47001,Anderson,Tennessee,28,1,3.0,3.8,88957.08812260536
1232,47003,Bedford,Tennessee,14,2,,3.8,97106.89655172414
1233,47005,Benton,Tennessee,8,1,3.0,5.0,64387.34693877551
1234,47009,Blount,Tennessee,29,2,2.0,3.3,112859.38697318008
1235,47011,Bradley,Tennessee,26,2,,3.6,97986.59003831417
1236,47015,Cannon,Tennessee,6,1,3.0,3.2,98086.59003831417
1237,47017,Carroll,Tennessee,15,2,3.0,5.0,54380.07662835249
1238,47019,Carter,Tennessee,20,1,4.0,4.2,84046.36015325671
1239,47021,Cheatham,Tennessee,13,1,,2.8,113689.6551724138
1240,47031,Coffee,Tennessee,19,3,3.0,3.5,97994.63601532567
1241,47035,Cumberland,Tennessee,12,1,3.0,4.3,83496.62921348315
1242,47037,Davidson,Tennessee,167,15,3.1666666666666665,2.7,143962.83524904214
1243,47041,Dekalb,Tennessee,6,1,4.0,4.4,91829.28870292887
1244,47043,Dickson,Tennessee,16,1,3.0,3.1,98753.63984674329
1245,47045,Dyer,Tennessee,12,1,,4.7,63141.434262948205
1246,47047,Fayette,Tennessee,11,1,,3.8,128674.32950191571
1247,47049,Fentress,Tennessee,7,1,3.0,4.3,77815.73033707865
1248,47051,Franklin,Tennessee,12,2,,3.4,98970.11494252873
1249,47053,Gibson,Tennessee,21,3,3.3333333333333335,4.5,57462.835249042146
1250,47055,Giles,Tennessee,8,1,4.0,3.6,78873.94636015326
1251,47059,Greene,Tennessee,25,2,,4.5,69345.41832669322
1252,47063,Hamblen,Tennessee,18,2,1.0,3.8,87439.46360153257
1253,47065,Hamilton,Tennessee,78,13,2.5,3.4,121591.9540229885
1254,47069,Hardeman,Tennessee,9,1,,5.0,50055.648535564855
1255,47071,Hardin,Tennessee,7,1,3.0,4.4,55147.12643678161
1256,47073,Hawkins,Tennessee,20,1,,4.0,92293.48659003832
1257,47077,Henderson,Tennessee,11,1,3.0,4.8,73869.73180076628
1258,47079,Henry,Tennessee,9,1,3.0,4.3,74032.18390804598
1259,47081,Hickman,Tennessee,8,1,,3.3,83675.09578544062
1260,47083,Houston,Tennessee,5,1,3.0,5.6,58487.73946360153
1261,47085,Humphreys,Tennessee,7,1,2.0,4.2,78778.4860557769
1262,47089,Jefferson,Tennessee,13,1,,3.8,106304.21455938698
1263,47093,Knox,Tennessee,93,13,3.5,3.0,125127.58620689655
1264,47097,Lauderdale,Tennessee,8,1,3.0,6.1,58677.011494252874
1265,47099,Lawrence,Tennessee,13,1,,4.1,75849.04214559386
1266,47103,Lincoln,Tennessee,11,1,2.0,3.2,76494.25287356322
1267,47105,Loudon,Tennessee,12,1,,3.4,108221.07279693487
1268,47107,McMinn,Tennessee,15,2,,4.1,92755.55555555556
1269,47109,McNairy,Tennessee,8,1,,5.5,52653.386454183266
1270,47111,Macon,Tennessee,8,1,2.0,3.3,77154.28571428571
1271,47113,Madison,Tennessee,28,3,,3.8,84202.68199233717
1272,47115,Marion,Tennessee,12,1,,4.7,84983.52490421456
1273,47117,Marshall,Tennessee,9,1,4.0,3.3,85595.01915708813
1274,47119,Maury,Tennessee,21,1,4.0,3.3,108345.21072796934
1275,47123,Monroe,Tennessee,17,1,3.0,3.7,97861.30268199234
1276,47125,Montgomery,Tennessee,41,1,,3.9,110920.68965517242
1277,47131,Obion,Tennessee,10,1,,5.2,58659.00383141763
1278,47133,Overton,Tennessee,9,1,2.0,3.9,59003.58565737052
1279,47141,Putnam,Tennessee,21,1,3.0,3.5,110082.3754789272
1280,47143,Rhea,Tennessee,8,1,3.0,5.6,94449.80842911877
1281,47145,Roane,Tennessee,17,2,3.0,4.2,104040.22988505747
1282,47147,Robertson,Tennessee,20,1,3.0,3.2,118989.27203065134
1283,47149,Rutherford,Tennessee,61,4,3.0,2.7,133786.97318007663
1284,47155,Sevier,Tennessee,28,1,3.0,3.5,143632.95019157088
1285,47157,Shelby,Tennessee,322,23,2.0,4.2,100731.80076628353
1286,47159,Smith,Tennessee,9,1,3.0,3.1,93411.15537848606
1287,47163,Sullivan,Tennessee,43,5,3.0,3.7,100062.06896551725
1288,47165,Sumner,Tennessee,47,3,2.5,2.8,139506.13026819922
1289,47167,Tipton,Tennessee,14,1,3.0,4.2,111278.92720306513
1290,47171,Unicoi,Tennessee,8,1,3.0,5.0,75968.52589641434
1291,47177,Warren,Tennessee,11,1,3.0,4.0,63263.60153256705
1292,47179,Washington,Tennessee,29,8,3.0,3.6,104990.80459770115
1293,47183,Weakley,Tennessee,11,2,,4.4,65765.13409961686
1294,47185,White,Tennessee,9,1,,3.7,82580.8429118774
1295,47187,Williamson,Tennessee,48,2,4.0,2.5,281809.5785440613
1296,47189,Wilson,Tennessee,27,2,,2.8,173240.61302681992
1297,48003,Andrews,Texas,6,1,,2.5,154532.39436619717
1298,48015,Austin,Texas,14,1,,3.6,171598.4674329502
1299,48017,Bailey,Texas,5,1,,4.4,74818.08510638298
1300,48025,Bee,Texas,13,1,3.0,5.2,89221.45593869731
1301,48027,Bell,Texas,121,10,3.5,4.1,104500.7662835249
1302,48041,Brazos,Texas,47,6,3.0,2.9,133866.66666666666
1303,48043,Brewster,Texas,7,1,3.0,3.4,154880.53097345133
1304,48051,Burleson,Texas,12,1,,3.6,88564.89361702128
1305,48057,Calhoun,Texas,8,1,2.6666666666666665,4.5,122618.30985915494
1306,48061,Cameron,Texas,182,11,3.5,6.2,67944.8275862069
1307,48069,Castro,Texas,6,1,,3.0,94779.69348659004
1308,48075,Childress,Texas,3,1,4.0,2.6,82539.84674329501
1309,48085,Collin,Texas,277,28,3.8333333333333335,3.3,200489.2857142857
1310,48091,Comal,Texas,48,5,4.0,3.3,182104.21455938698
1311,48093,Comanche,Texas,9,1,,3.7,68931.46067415731
1312,48099,Coryell,Texas,28,1,,4.0,100314.94252873563
1313,48107,Crosby,Texas,11,1,,4.4,61255.93869731801
1314,48113,Dallas,Texas,728,58,3.2222222222222223,3.7,117046.61354581673
1315,48115,Dawson,Texas,9,1,,4.5,81173.5632183908
1316,48117,Deaf Smith,Texas,11,2,3.0,2.9,87090.4255319149
1317,48121,Denton,Texas,234,19,3.75,3.1,173666.15384615384
1318,48127,Dimmit,Texas,6,1,,3.2,63652.12765957447
1319,48135,Ector,Texas,47,5,2.5,2.9,132574.46808510637
1320,48139,Ellis,Texas,63,3,3.0,3.3,127208.8122605364
1321,48141,El Paso,Texas,279,17,2.3333333333333335,4.3,96236.7816091954
1322,48145,Falls,Texas,17,1,4.0,3.9,69352.8735632184
1323,48149,Fayette,Texas,12,1,,2.8,162413.27433628318
1324,48153,Floyd,Texas,9,1,,5.3,101860.63829787234
1325,48159,Franklin,Texas,4,1,,4.1,132029.87012987013
1326,48161,Freestone,Texas,17,1,3.0,5.8,95837.28813559322
1327,48163,Frio,Texas,9,2,,2.9,87228.7356321839
1328,48165,Gaines,Texas,8,1,3.25,2.6,120193.80530973451
1329,48183,Gregg,Texas,48,6,4.0,4.2,101336.0153256705
1330,48193,Hamilton,Texas,6,1,4.0,3.4,84800.0
1331,48207,Haskell,Texas,6,1,,3.8,63550.0
1332,48209,Hays,Texas,53,4,3.5,3.0,154521.07279693487
1333,48217,Hill,Texas,39,2,3.0,3.6,70761.35458167331
1334,48221,Hood,Texas,18,1,3.0,3.7,149609.96168582374
1335,48225,Houston,Texas,16,1,,3.5,84509.43396226416
1336,48227,Howard,Texas,14,3,2.0,3.4,95454.2372881356
1337,48231,Hunt,Texas,46,3,,3.7,74432.66932270916
1338,48239,Jackson,Texas,10,1,,3.3,94785.44061302682
1339,48251,Johnson,Texas,70,1,4.0,3.5,113905.36398467433
1340,48255,Karnes,Texas,17,1,3.0,3.0,69362.06896551725
1341,48257,Kaufman,Texas,51,3,3.0,3.5,143526.96629213484
1342,48265,Kerr,Texas,23,3,3.0,3.3,181668.19923371647
1343,48273,Kleberg,Texas,17,1,3.0,5.2,94589.27203065134
1344,48279,Lamb,Texas,14,1,,4.5,74970.21276595745
1345,48281,Lampasas,Texas,7,1,4.0,3.6,133911.11111111112
1346,48305,Lynn,Texas,7,1,,3.3,97927.65957446808
1347,48313,Madison,Texas,5,1,,4.3,78863.60153256705
1348,48321,Matagorda,Texas,19,2,3.0,6.1,141083.908045977
1349,48323,Maverick,Texas,24,1,,8.1,109042.69662921349
1350,48329,Midland,Texas,45,5,3.0,2.2,127389.27203065134
1351,48331,Milam,Texas,17,2,,5.5,79053.09734513274
1352,48335,Mitchell,Texas,12,1,,4.6,82736.39846743295
1353,48341,Moore,Texas,11,1,3.25,2.8,88847.87234042553
1354,48353,Nolan,Texas,10,1,4.0,3.4,72200.0
1355,48365,Panola,Texas,10,1,,4.4,127177.87610619469
1356,48367,Parker,Texas,41,2,4.0,3.1,147256.70498084291
1357,48369,Parmer,Texas,11,1,,2.4,71569.34865900384
1358,48371,Pecos,Texas,10,2,3.0,3.6,92823.40425531915
1359,48373,Polk,Texas,18,1,,5.1,123037.54789272031
1360,48387,Red River,Texas,11,1,,5.3,126150.5617977528
1361,48389,Reeves,Texas,6,1,,2.4,77538.29787234042
1362,48391,Refugio,Texas,7,1,,4.8,76094.63601532567
1363,48397,Rockwall,Texas,24,3,3.0,3.2,178959.7609561753
1364,48399,Runnels,Texas,15,2,,3.3,85404.08163265306
1365,48419,Shelby,Texas,14,1,,4.5,62716.47509578544
1366,48427,Starr,Texas,29,1,3.0,9.9,73904.98084291187
1367,48437,Swisher,Texas,8,1,,4.3,65331.914893617024
1368,48439,Tarrant,Texas,564,54,3.2,3.5,126063.09523809524
1369,48445,Terry,Texas,8,1,3.0,4.2,69888.12260536398
1370,48451,Tom Green,Texas,95,4,3.0,3.2,115430.52631578948
1371,48453,Travis,Texas,283,28,3.4,2.8,197451.79282868525
1372,48455,Trinity,Texas,10,1,3.0,5.2,86505.31914893616
1373,48463,Uvalde,Texas,15,1,,4.3,106983.18584070797
1374,48465,Val Verde,Texas,16,1,3.0,4.3,111683.52490421456
1375,48467,Van Zandt,Texas,33,1,,3.5,109659.32203389831
1376,48475,Ward,Texas,7,1,,3.1,91457.85440613027
1377,48477,Washington,Texas,9,1,,3.8,157251.34099616858
1378,48479,Webb,Texas,81,6,2.25,3.8,91116.091954023
1379,48481,Wharton,Texas,18,2,3.0,3.8,110722.22222222222
1380,48491,Williamson,Texas,162,12,3.0,3.0,166872.37354085603
1381,48493,Wilson,Texas,31,1,3.0,3.1,148797.7011494253
1382,48495,Winkler,Texas,5,1,,3.3,66300.7662835249
1383,48501,Yoakum,Texas,7,1,,2.8,84019.14893617021
1384,49003,Box Elder,Utah,25,2,3.0,3.0,158634.4827586207
1385,49011,Davis,Utah,103,5,3.0,2.9,191613.7931034483
1386,49013,Duchesne,Utah,15,2,3.0,4.6,204358.51063829788
1387,49021,Iron,Utah,19,1,3.0,3.6,173127.2030651341
1388,49023,Juab,Utah,10,1,,3.0,248352.12765957447
1389,49027,Millard,Utah,10,2,,3.3,229351.06382978722
1390,49035,Salt Lake,Utah,300,24,3.4285714285714284,3.0,198992.72030651342
1391,49037,San Juan,Utah,15,2,,6.5,250637.2340425532
1392,49041,Sevier,Utah,15,1,4.0,3.6,138198.08429118773
1393,49045,Tooele,Utah,29,1,3.0,3.5,157608.0459770115
1394,49047,Uintah,Utah,14,1,,4.8,183746.3601532567
1395,49049,Utah,Utah,179,10,3.6666666666666665,2.8,191292.72030651342
1396,49053,Washington,Utah,53,2,4.0,3.4,190117.6245210728
1397,49057,Weber,Utah,82,2,3.0,3.5,151419.54022988505
1398,50001,Addison,Vermont,23,1,,2.6,226768.60465116278
1399,50007,Chittenden,Vermont,51,1,,2.1,230818.0
1400,50011,Franklin,Vermont,22,1,,2.6,200333.72093023255
1401,50015,Lamoille,Vermont,15,1,3.0,3.6,212551.13636363635
1402,50021,Rutland,Vermont,32,1,4.0,3.2,170506.97674418605
1403,50023,Washington,Vermont,27,3,4.0,2.7,204012.7906976744
1404,50025,Windham,Vermont,29,3,4.0,2.9,193347.4025974026
1405,50027,Windsor,Vermont,35,3,2.0,2.4,205416.8831168831
1406,51003,Albemarle,Virginia,28,4,3.0,2.6,246962.83524904214
1407,51013,Arlington,Virginia,39,1,4.0,2.0,443319.1570881226
1408,51015,Augusta,Virginia,24,1,,2.7,171326.81992337166
1409,51041,Chesterfield,Virginia,67,4,,2.9,171646.74329501914
1410,51047,Culpeper,Virginia,11,1,,2.9,211148.65900383142
1411,51059,Fairfax,Virginia,221,8,3.0,2.5,390961.6858237548
1412,51061,Fauquier,Virginia,22,1,2.0,2.6,267279.3103448276
1413,51067,Franklin,Virginia,16,1,3.0,3.1,163481.22448979592
1414,51073,Gloucester,Virginia,10,1,3.0,2.7,171025.67049808428
1415,51083,Halifax,Virginia,12,1,3.0,4.3,91179.64071856288
1416,51085,Hanover,Virginia,26,2,4.0,2.6,200410.3448275862
1417,51087,Henrico,Virginia,84,5,4.0,3.0,170357.4712643678
1418,51095,James City,Virginia,15,2,,3.0,258953.6398467433
1419,51103,Lancaster,Virginia,3,1,,4.6,204743.51464435147
1420,51107,Loudoun,Virginia,92,4,3.0,2.5,372560.153256705
1421,51121,Montgomery,Virginia,23,2,3.0,3.0,162485.44061302682
1422,51127,New Kent,Virginia,6,1,,2.8,188635.2490421456
1423,51153,Prince William,Virginia,96,3,2.0,2.7,277159.7701149425
1424,51161,Roanoke,Virginia,26,1,,2.8,141742.14559386973
1425,51165,Rockingham,Virginia,22,1,3.0,2.7,156010.72796934866
1426,51171,Shenandoah,Virginia,11,1,,3.0,155018.3908045977
1427,51173,Smyth,Virginia,16,3,3.0,4.3,80872.30769230769
1428,51177,Spotsylvania,Virginia,35,1,3.0,3.0,185316.73306772907
1429,51179,Stafford,Virginia,32,1,,3.0,257321.83908045976
1430,51185,Tazewell,Virginia,16,2,3.5,4.6,80876.62835249043
1431,51187,Warren,Virginia,8,1,,3.1,167316.091954023
1432,51191,Washington,Virginia,18,2,3.0,3.4,115866.66666666667
1433,51199,York,Virginia,19,2,4.0,2.8,236055.55555555556
1434,51520,Bristol City,Virginia,9,2,,3.7,83970.81545064377
1435,51540,Charlottesville City,Virginia,13,1,2.0,2.5,197406.89655172414
1436,51550,Chesapeake City,Virginia,52,1,,3.1,199363.2183908046
1437,51590,Danville City,Virginia,15,2,1.0,5.4,58616.47509578544
1438,51630,Fredericksburg City,Virginia,6,2,,3.4,283171.18644067796
1439,51650,Hampton City,Virginia,37,3,3.0,4.1,132309.5785440613
1440,51660,Harrisonburg City,Virginia,11,1,,3.5,152996.56652360514
1441,51670,Hopewell City,Virginia,8,2,2.0,4.7,92654.02298850575
1442,51680,Lynchburg City,Virginia,22,3,,4.0,106007.66283524904
1443,51700,Newport News City,Virginia,50,5,3.0,3.7,144166.28352490423
1444,51710,Norfolk City,Virginia,58,7,3.3333333333333335,3.7,142252.10727969347
1445,51740,Portsmouth City,Virginia,26,2,3.0,4.1,122350.19157088123
1446,51760,Richmond City,Virginia,56,6,3.0,3.6,121528.7356321839
1447,51770,Roanoke City,Virginia,28,2,,3.3,95977.01149425287
1448,51775,Salem City,Virginia,8,2,3.0,3.0,134959.7609561753
1449,51790,Staunton City,Virginia,12,2,,2.9,117915.32567049809
1450,51800,Suffolk City,Virginia,23,3,4.0,3.3,182159.77011494254
1451,51810,Virginia Beach City,Virginia,92,4,3.5,2.9,202385.05747126436
1452,51830,Williamsburg City,Virginia,2,1,,4.1,247064.39790575916
1453,53001,Adams,Washington,15,2,,5.7,97726.81992337164
1454,53005,Benton,Washington,60,4,3.0,5.2,157152.10727969347
1455,53007,Chelan,Washington,39,4,4.0,4.7,193077.39463601532
1456,53009,Clallam,Washington,32,2,2.0,6.4,187715.32567049807
1457,53011,Clark,Washington,133,4,3.0,4.9,210679.3103448276
1458,53015,Cowlitz,Washington,44,2,,5.9,147782.75862068965
1459,53021,Franklin,Washington,31,1,3.0,6.1,130287.73946360154
1460,53025,Grant,Washington,56,4,,6.4,121511.23595505618
1461,53027,Grays Harbor,Washington,42,4,2.0,6.7,111972.80334728034
1462,53029,Island,Washington,26,2,3.0,5.3,242067.43295019158
1463,53031,Jefferson,Washington,13,1,3.0,5.9,237403.44827586206
1464,53033,King,Washington,514,32,3.0,3.4,333070.1149425287
1465,53035,Kitsap,Washington,80,4,,4.7,230403.83141762452
1466,53037,Kittitas,Washington,20,1,3.0,5.2,168506.89655172414
1467,53041,Lewis,Washington,46,2,3.0,6.3,143007.6923076923
1468,53045,Mason,Washington,21,1,,6.4,183954.02298850575
1469,53047,Okanogan,Washington,33,3,2.6666666666666665,6.6,117247.69874476988
1470,53053,Pierce,Washington,276,12,3.0,5.2,211758.23754789273
1471,53055,San Juan,Washington,14,1,,3.9,351970.11952191236
1472,53057,Skagit,Washington,50,3,3.5,5.3,240032.5842696629
1473,53061,Snohomish,Washington,224,8,3.0,3.8,265800.0
1474,53063,Spokane,Washington,172,10,3.0,5.3,145546.3601532567
1475,53065,Stevens,Washington,45,2,4.0,7.2,142507.27969348658
1476,53067,Thurston,Washington,80,2,3.0,4.8,204631.80076628353
1477,53071,Walla Walla,Washington,31,3,,4.7,168201.91570881227
1478,53073,Whatcom,Washington,72,2,,4.7,228824.52107279692
1479,53077,Yakima,Washington,110,4,2.25,6.4,128626.81992337164
1480,54003,Berkeley,West Virginia,35,2,3.0,4.1,154429.19708029198
1481,54005,Boone,West Virginia,17,1,3.0,6.0,53401.76991150442
1482,54011,Cabell,West Virginia,30,6,2.5,4.7,94795.50561797753
1483,54037,Jefferson,West Virginia,16,1,3.0,3.4,179101.52671755725
1484,54039,Kanawha,West Virginia,72,8,3.2222222222222223,5.1,69583.52490421456
1485,54061,Monongalia,West Virginia,19,3,2.5,4.0,128431.41762452107
1486,54079,Putnam,West Virginia,22,1,,4.9,133075.32467532466
1487,54081,Raleigh,West Virginia,31,3,2.0,5.3,80868.83116883117
1488,54099,Wayne,West Virginia,23,1,,6.0,64905.36398467433
1489,54107,Wood,West Virginia,30,2,2.0,5.4,78305.74712643678
1490,55001,Adams,Wisconsin,5,1,,4.6,132781.22605363984
1491,55005,Barron,Wisconsin,39,3,,3.3,131209.19540229885
1492,55009,Brown,Wisconsin,81,8,,2.7,136171.12970711297
1493,55013,Burnett,Wisconsin,10,1,,4.4,169223.37164750957
1494,55015,Calumet,Wisconsin,22,1,,2.5,122377.39463601532
1495,55017,Chippewa,Wisconsin,26,2,,3.2,122980.45977011495
1496,55021,Columbia,Wisconsin,38,2,,2.6,139576.62835249043
1497,55025,Dane,Wisconsin,161,9,3.0,2.2,192159.23076923078
1498,55027,Dodge,Wisconsin,39,3,,2.6,122788.50574712643
1499,55029,Door,Wisconsin,17,1,4.0,3.5,240842.14559386973
1500,55033,Dunn,Wisconsin,16,1,,3.0,146062.06896551725
1501,55035,Eau Claire,Wisconsin,36,3,,2.6,124245.97701149425
1502,55039,Fond du Lac,Wisconsin,42,4,4.0,2.6,113078.92720306513
1503,55043,Grant,Wisconsin,29,4,3.0,2.8,118958.62068965517
1504,55045,Green,Wisconsin,22,1,4.0,2.4,119678.54406130269
1505,55047,Green Lake,Wisconsin,10,1,,3.3,120014.89361702128
1506,55049,Iowa,Wisconsin,16,1,,2.5,122312.26053639846
1507,55055,Jefferson,Wisconsin,31,1,,2.8,146457.85440613027
1508,55059,Kenosha,Wisconsin,53,3,,3.5,143490.4214559387
1509,55063,La Crosse,Wisconsin,40,2,,2.5,125250.3105590062
1510,55073,Marathon,Wisconsin,50,3,3.0,2.6,106170.11494252873
1511,55079,Milwaukee,Wisconsin,295,22,3.6666666666666665,3.6,103633.33333333333
1512,55083,Oconto,Wisconsin,24,2,3.0,3.2,141853.25670498086
1513,55085,Oneida,Wisconsin,15,2,,3.5,197114.17624521072
1514,55087,Outagamie,Wisconsin,75,3,3.0,2.7,122869.34865900384
1515,55089,Ozaukee,Wisconsin,27,3,3.6666666666666665,2.5,210629.11877394636
1516,55097,Portage,Wisconsin,30,1,4.0,2.9,155574.25742574257
1517,55099,Price,Wisconsin,9,1,,3.6,94831.80076628353
1518,55101,Racine,Wisconsin,61,4,,3.6,136582.75862068965
1519,55105,Rock,Wisconsin,71,4,,3.2,109777.01149425287
1520,55109,Saint Croix,Wisconsin,29,5,4.0,2.9,167841.76245210727
1521,55111,Sauk,Wisconsin,33,4,5.0,2.5,148697.31800766283
1522,55113,Sawyer,Wisconsin,13,1,4.0,4.2,214034.4827586207
1523,55115,Shawano,Wisconsin,18,2,,2.9,83626.81992337164
1524,55117,Sheboygan,Wisconsin,50,2,3.0,2.4,118749.42528735632
1525,55121,Trempealeau,Wisconsin,23,2,,2.8,127630.81081081081
1526,55123,Vernon,Wisconsin,22,2,,2.7,146391.9540229885
1527,55127,Walworth,Wisconsin,42,2,3.0,2.9,147551.34099616858
1528,55131,Washington,Wisconsin,38,2,,2.5,206999.44134078213
1529,55133,Waukesha,Wisconsin,112,9,4.0,2.6,225754.2735042735
1530,55139,Winnebago,Wisconsin,57,5,,2.6,126361.30268199234
1531,55141,Wood,Wisconsin,33,3,2.0,3.4,98376.62835249043
1532,56001,Albany,Wyoming,19,1,4.0,3.2,188869.81132075473
1533,56005,Campbell,Wyoming,23,1,2.0,4.0,197409.96168582374
1534,56007,Carbon,Wyoming,13,1,,3.7,146382.97872340426
1535,56009,Converse,Wyoming,15,1,3.0,3.6,199644.8275862069
1536,56013,Fremont,Wyoming,32,2,3.0,5.0,192575.8620689655
1537,56015,Goshen,Wyoming,12,2,3.5,3.2,148944.68085106384
1538,56017,Hot Springs,Wyoming,4,2,,3.6,190506.3829787234
1539,56019,Johnson,Wyoming,5,1,,3.9,244026.81992337166
1540,56021,Laramie,Wyoming,42,2,2.0,3.7,162250.6329113924
1541,56025,Natrona,Wyoming,36,6,3.0,4.5,149943.4599156118
1542,56029,Park,Wyoming,15,2,3.5,4.3,222826.4150943396
1543,56031,Platte,Wyoming,13,1,3.0,3.6,157854.16666666666
1544,56033,Sheridan,Wyoming,24,2,,3.9,186855.08474576272
1545,56041,Uinta,Wyoming,17,2,3.0,4.2,168297.31800766283
1546,56043,Washakie,Wyoming,7,1,3.0,4.1,176966.66666666666
1547,56045,Weston,Wyoming,7,1,,3.4,269942.55319148937
